མཚན་བྱང་།,ཤོག་གྲངས།,1,མཆན་གྲངས། ,པར་མ།,མཆན།,
རྣལ་འབྱོར་སྤྱོད་པའི་ས་རྣམ་པར་གཏན་ལ་དབབ་པ་བསྡུ་བ།,747,2,1,,མཚན་བྱང་འདི་ཆོས་ཚན་འདིའི་སྟོད་ཞི་དུམ་པའི་དབུའི་མཚན་སྨོས་པ་ལྟར་བཀོད།,
,,3,2,《པེ་》《སྣར་》,mརྣམ་པར་གཏན་ལ་དབབ་པ་བསྡུ་བ།,
,,4,3,《པེ་》《སྣར་》,བྱ་བའམ།,
,748,5,1,《པེ་》《སྣར་》,ག,
,,6,2,《པེ་》《སྣར་》,mདེ།,
,,7,3,《སྣར་》,བལྟོས།,
,,8,4,《པེ་》《སྣར་》,པར།,
,,9,5,《པེ་》《སྣར་》,mདུ།,
,749,10,1,《པེ་》,pམ།,
,,11,2,《པེ་》,ལ།,
,,12,3,《པེ་》《སྣར་》,ལྟ།,
,,13,4,《པེ་》《སྣར་》,mཡང་།,
,750,14,1,《པེ་》《སྣར་》,mལ།,
,,15,2,《པེ་》《སྣར་》,mཔ་ཡིན།,
,,16,3,《པེ་》《སྣར་》,mབྱ།,
,,17,4,《པེ་》《སྣར་》,mསེམས་ལས་བྱུང་བ་རྒྱུ་མཚན་དང་།,,,,,,
,,18,5,《པེ་》《སྣར་》,པར།,,,,,,
,751,19,1,《པེ་》《སྣར་》,ལྷའི།,,,,,,
,752,20,1,《པེ་》《སྣར་》,འཐུན།,,,,,,
,,21,2,《པེ་》《སྣར་》《ཅོ་》,སྐྱེ།,,,,,,
,,22,3,《པེ་》《སྣར་》,mགཞན།,,,,,,
,,23,4,《པེ་》《སྣར་》,pགྱི།,,,,,,
,,24,5,《པེ་》,སྐྱེས།,《སྣར་》,སྐྱེད།,,,,,
,,25,6,《སྣར་》,སྐྱེད།,,,,,,
,,26,7,《སྣར་》,བཏགས ,,,,,,(ཆོས་ཚན་འདིའི་ནང་དུ་བརྟགས་ཞེས་པ་རྣམས《སྣར་》ལ་བཏགས་ཞེས་འཁོད་ཀྱང་བསྡུར་མཆན་དུ་བཀོད་མེད།)
,753,27,1,《པེ་》《སྣར་》,mན།,,,,,,
,,28,2,《སྣར་》,གིས།,,,,,,
,,29,3,《པེ་》《སྣར་》,mཔ།,,,,,,
,,30,4,《པེ་》,རྣམས།,,,,,,
,754,31,1,《པེ་》《སྣར་》,mཀུན་དུ་རྟོག་པ་དང་།,,,,,,
,,32,2,《སྣར་》,དགའ་བར།,,,,,,
,,33,3,《པེ་》《སྣར་》,mཔ་དག,
,,34,4,《པེ་》《སྣར་》,ཆར།,
,755,35,1,《པེ་》,ལྟ།,
,,36,2,《སྣར་》,pབདེན་པས།,
,,37,3,《པེ་》《སྣར་》,mནོ།,
,,38,4,《པེ་》《སྣར་》,mནོ།,
,756,39,1,《པེ་》《སྣར་》,རྟོན།,
,,40,2,《པེ་》《སྣར་》,mཁོ་ན།,
,,41,3,《པེ་》《སྣར་》,བརྟག,
,,42,4,《པེ་》《སྣར་》,pམ།,
,,43,5,《པེ་》《སྣར་》,mགཟུགས་ཅན་དང་།,
,,44,6,《པེ་》《སྣར་》,mགཉིས་ནི་ཟག་པ་དང་བཅས་པ་ཡིན་ནོ།།,
,,45,7,《པེ་》《སྣར་》,mཔ།,
,757,46,1,《པེ་》《སྣར་》,ཀྱིས།,
,,47,2,《སྣར་》,ལྟ།,
,,48,3,《པེ་》《སྣར་》,pཉིད།,
,,49,4,《པེ་》,གང་དག་པར།,《སྣར་》,ཡང་དག་པར།
,758,50,1,《པེ་》《སྣར་》,གྱི། མཚན།,
,,51,2,《པེ་》《སྣར་》,སྐྱུང་།,
,,52,3,《པེ་》《སྣར་》,mཀྱི།,
,,53,4,《པེ་》《སྣར་》,བས།,
,,54,5,《པེ་》《སྣར་》,པ་དང་དེ་དག,
,759,55,1,《པེ་》《སྣར་》,mདང་།,
,760,56,1,《པེ་》,mཡིན།,
,,57,2,《པེ་》《སྣར་》,mརྣམ་པ།,
,,58,3,《པེ་》《སྣར་》,mཡོན་ཏན།,
,,59,4,《པེ་》《སྣར་》,བསམ།,
,,60,5,《པེ་》《སྣར་》,mརྣམ་པ།,
,761,61,1,《པེ་》《སྣར་》,བསམ།,
,,62,2,《པེ་》《སྣར་》,བསྒོམ།,
,,63,3,《པེ་》《སྣར་》,pལ།,
,,64,4,《པེ་》《སྣར་》,ན།,
,762,65,1,《པེ་》《སྣར་》,pཔ་ཡིན།,
,,66,2,《པེ་》《སྣར་》,སྒོམ།,
,763,67,1,《པེ་》《སྣར་》,ཀྱི་མཚན་མ།,
,,68,2,《པེ་》《སྣར་》,བྱ་བའམ།,
,,69,3,《པེ་》《སྣར་》,པའི།,
,764,70,1,《སྣར་》,བྱ་བའམ།,
,,71,2,《པེ་》《སྣར་》,གི།,
,,72,3,《པེ་》,ཀྱིས།,
,765,73,1,《པེ་》《སྣར་》,རྟོགས།,
,,74,2,《པེ་》《སྣར་》,mདང་།,
,,75,3,《པེ་》《སྣར་》,mལས།,
,,76,4,《པེ་》《སྣར་》,pདམ་པའི།,
,766,77,1,《པེ་》《སྣར་》,mལ།,
,,78,2,《པེ་》《སྣར་》,པའི།,
,,79,3,《པེ་》《སྣར་》,སྒྲིབས།,
,,80,4,《པེ་》《སྣར་》,མནན།,
,,81,5,《པེ་》《སྣར་》,ཟིལ་གྱིས་མནན་ནས་ཤེས།,
,767,82,1,《པེ་》《སྣར་》,mཡིད།,
,,83,2,《པེ་》《སྣར་》,བོས།,
,,84,3,《པེ་》《སྣར་》,བལྟོས།,
,,85,4,《པེ་》,བལྟོས།,
,,86,5,《པེ་》《སྣར་》,pཇི།,
,,87,6,《པེ་》《སྣར་》,གི།,
,,88,7,《སྣར་》,ཁྱད།,
,,89,8,《སྣར་》,མནན།,
,,90,9,《པེ་》《སྣར་》,ཁྱབ།,
,,91,10,《སྣར་》,པ།,
,,92,11,《པེ་》《སྣར་》,pདག,
,768,93,1,《པེ་》《སྣར་》,པས།,
,,94,2,《པེ་》《སྣར་》,mམ།,
,,95,3,《པེ་》,mདེ།,
,,96,4,《པེ་》《སྣར་》,mདང་།,
,,97,5,《པེ་》《སྣར་》,mཔར་བྱེད།,
,,98,6,《སྣར་》,གསལ།,
,769,99,1,《པེ་》《སྣར་》,ལ།,
,,100,2,《པེ་》《སྣར་》,mརྒྱུ་མཚན།,
,,101,3,《པེ་》《སྣར་》,གཏོགས།,
,,102,4,《པེ་》,པས།,
,,103,5,《སྣར་》,གཏོགས།,
,,104,6,《པེ་》《སྣར་》,pལ།,
,,105,7,《པེ་》《སྣར་》,གོང་དུ།,
,,106,8,《པེ་》《སྣར་》,mབ།,
,,107,9,《པེ་》《སྣར་》,རྟོགས།,
,,108,10,《པེ་》《སྣར་》,ལ།,
,,109,11,《པེ་》《སྣར་》,mཡང་།,
,770,110,1,《སྣར་》,པ།,
,,111,2,《པེ་》《སྣར་》,མི་བྱེད།,
,,112,3,《སྣར་》,འདི།,
,,113,4,《པེ་》《སྣར་》,གི།,
,,114,5,《སྣར་》,པ།,
,,115,6,《པེ་》《ཅོ་》,mདུ།,
,,116,7,《པེ་》《སྣར་》,གྱི།,
,,117,8,《པེ་》《སྣར་》,mདེ།,
,,118,9,《སྣར་》,mབོ།,
,,119,10,《པེ་》《སྣར་》,པ།,
,771,120,1,《སྣར་》,གི།,
,,121,2,《པེ་》《སྣར་》,འཐུན།,
,,122,3,《པེ་》《སྣར་》,mཡང་།,
,,123,4,《པེ་》《སྣར་》,pགལ་ཏེ་ཇི་ལྟར་རྒྱུ་མཚན་ལ་རག་ལས་པར་མི་རུང་ངོ་། །,
,,124,5,《པེ་》《སྣར་》,mཔར་བྱེད།,
,,125,6,《སྣར་》,གིས།,
,,126,7,《པེ་》《སྣར་》,ཉིད་དེ།,
,,127,8,《པེ་》《སྣར་》,mའདོགས་པས་དེའི་ཕྱིར་ཉེ་བར།,
,,128,9,《པེ་》《སྣར་》,གྱི།,
,772,129,1,《པེ་》《སྣར་》,དེ།,
,,130,2,《པེ་》《སྣར་》,གཟུང་།,
,,131,3,《པེ་》《སྣར་》,གཟུང་།,
,,132,4,《པེ་》《སྣར་》,གཟུང་།,
,,133,5,《པེ་》《སྣར་》,གཟུང་།,
,,134,6,《པེ་》《སྣར་》,mམངོན་པར།,
,,135,7,《པེ་》《སྣར་》,པའི།,
,,136,8,《སྣར་》,བུའི།,
,773,137,1,《པེ་》《སྣར་》,ལ།,
,,138,2,《པེ་》《སྣར་》,pདེ།,
,,139,3,《པེ་》《སྣར་》,རིག,
,,140,4,《པེ་》《སྣར་》,བསྐྱེད།,
,,141,5,《སྣར་》,འདི།,
,,142,6,《སྣར་》,རྟོགས།,
,774,143,1,《པེ་》《སྣར་》,pམ།,
,,144,2,《པེ་》,ཅིག,
,,145,3,《པེ་》《སྣར་》,mདག,
,,146,4,《པེ་》《སྣར་》,pདག,
,775,147,1,《པེ་》《སྣར་》,པར།,
,,148,2,《པེ་》《སྣར་》,སྟེ།,
,776,149,1,《པེ་》《སྣར་》,mམི།,
,,150,2,《པེ་》,མེད་ཅི།,《སྣར་》,མེད་ཅིང་།
,,151,3,《པེ་》《སྣར་》,དེ།,《ཅོ་》,ནི།
,,152,4,《སྣར་》,རྟེན།,
,,153,5,《སྣར་》,རྟེན།,
,777,154,1,《པེ་》《སྣར་》,རྟེན།,
,,155,2,《སྣར་》,mལ།,
,,156,3,《པེ་》《སྣར་》,mལ།,
,,157,4,《པེ་》《སྣར་》,དེས།,
,,158,5,《པེ་》《སྣར་》,པར།,
,,159,6,《པེ་》《སྣར་》,གཟུང་།,
,,160,7,《པེ་》《སྣར་》,བཟློག,
,,161,8,《སྣར་》,མནོན།,
,,162,9,《པེ་》《སྣར་》,བཟློག,
,,163,10,《པེ་》《སྣར་》,ལྔ།,
,,164,11,《སྣར་》,མནོན།,
,778,165,1,《པེ་》《སྣར་》,mཔར།,
,,166,2,《པེ་》,གྱིས།,
,,167,3,《པེ་》《སྣར་》,དང་བ་ཙམ།,
,,168,4,《པེ་》《སྣར་》,དང་བར།,
,,169,5,《པེ་》《སྣར་》,གསལ།,
,,170,6,《ཅོ་》,བས།,
,,171,7,《པེ་》《སྣར་》,mལ།,
,,172,8,《པེ་》《སྣར་》,རྩོམ།,
,779,173,1,《པེ་》《སྣར་》,མཐོ།,
,,174,2,《པེ་》《སྣར་》,བྱེད།,
,,175,3,《སྣར་》,གསལ།,
,,176,4,《སྣར་》,གསལ།,
,,177,5,《པེ་》《སྣར་》,ཅེ།,
,,178,6,《པེ་》《སྣར་》,pནི།,
,,179,7,《པེ་》《སྣར་》,རྫི།,
,,180,8,《སྣར་》,པར།,
,,181,9,《པེ་》《སྣར་》,པར།,
,780,182,1,《པེ་》,བར་བྱེད་པ།,《སྣར་》,བ་བྱེད་པ།
,,183,2,《པེ་》《སྣར་》,འགྲེ།,
,,184,3,《སྣར་》,པ།,
,,185,4,《པེ་》《སྣར་》,སྟེ།,
,,186,5,《པེ་》《སྣར་》,འཇོམ།,
,,187,6,《པེ་》《སྣར་》,རྐང་།,
,,188,7,《པེ་》《སྣར་》,mདེ།,
,781,189,1,《པེ་》《སྣར་》,mརྣམས།,
,,190,2,《པེ་》《སྣར་》,ལྟ།,
,,191,3,《པེ་》《སྣར་》《ཅོ་》,རྣམ་པ།,
,,192,4,《པེ་》《སྣར་》,mདེ་ལྟར།,
,,193,5,《པེ་》《སྣར་》,mན།,
,782,194,1,《པེ་》《སྣར་》,mཔ།,
,,195,2,《པེ་》《སྣར་》,ཤེས།,
,,196,3,《པེ་》《སྣར་》,པའོ།,
,,197,4,《སྣར་》,ཤེས།,
,,198,5,《སྣར་》,པས།,
,,199,6,《པེ་》《སྣར་》,mདེ།,
,,200,7,《པེ་》《སྣར་》,ཀྱི།,
,783,201,1,《པེ་》《སྣར་》,mཉིད།,
,,202,2,《པེ་》《སྣར་》,mཉིད།,
,,203,3,《པེ་》《སྣར་》,གྱིས།,
,,204,4,《པེ་》《སྣར་》,mཔ་ཉིད།,
,,205,5,《པེ་》《སྣར་》,གྱི།,
,,206,6,《པེ་》《སྣར་》,པར།,
,,207,7,《པེ་》,ཉིད་དུ།,《སྣར་》,ཉིད།
,,208,8,《པེ་》《སྣར་》,mའགྱུར།,
,,209,9,《པེ་》《སྣར་》,སྨྲ།,
,784,210,1,《པེ་》《སྣར་》,མཚན།,
,,211,2,《པེ་》《སྣར་》,ནི།,
,,212,3,《པེ་》《སྣར་》,ལ།,
,785,213,1,《པེ་》《སྣར་》,mཉིད།,
,,214,2,《པེ་》《སྣར་》,mདེ།,
,,215,3,《པེ་》《སྣར་》,mཉིད།,
,,216,4,《པེ་》《སྣར་》,mཀྱིས།,
,,217,5,《པེ་》《སྣར་》,བརྟེན།,
,,218,6,《པེ་》《སྣར་》,mམ།,
,,219,7,《སྣར་》,གི།,
,786,220,1,《པེ་》《སྣར་》,mཡིད་མི་བདེ་བ་དང་།,
,,221,2,《པེ་》《སྣར་》,mམ།,
,,222,3,《པེ་》《སྣར་》,mཉིད།,
,,223,4,《པེ་》,pདེའི་ཕྱིར་དང་བས།,
,,224,5,《པེ་》《སྣར་》,པ།,
,,225,6,《པེ་》《སྣར་》,པར།,
,,226,7,《པེ་》《སྣར་》,mརྣམ་པར་རྟོག་པ་འབྱུང་བས། དེའི་ཕྱིར།,
,,227,8,《པེ་》《སྣར་》,mཀྱི།,
,,228,9,《པེ་》《སྣར་》,གི།,
,787,229,1,《པེ་》《སྣར་》,mན།,
,,230,2,《པེ་》《སྣར་》,བསྟན།,
,,231,3,《སྣར་》,བསྟེན།,
,,232,4,《པེ་》《སྣར་》,mདུ།,
,,233,5,《པེ་》《སྣར་》,གི།,
,,234,6,《པེ་》《སྣར་》,pཡུལ། འཕགས་པའི་ཡེ་ཤེས་ཀྱི།,
,788,235,1,《པེ་》《སྣར་》,mཤེ།,
,,236,2,《པེ་》《སྣར་》,ཐོབ།,
,,237,3,《པེ་》《སྣར་》,ཡིན་ལ།,
,,238,4,《པེ་》《སྣར་》,mཡང་།,
,,239,5,《པེ་》《སྣར་》,རང་གི།,
,789,240,1,《པེ་》《སྣར་》,mའདི་ནི་ཐོགས་པ་མེད་པའོ།།,
,,241,2,《པེ་》《སྣར་》,ཀྱང་།,
,,242,3,《པེ་》《སྣར་》,གིས།,
,,243,4,《སྣར་》,ཀྱིས།,
,,244,5,《པེ་》《སྣར་》,mགཟུགས་འདི་ནི་གཟུགས་འཛིན་པའོ།།,
,790,245,1,《པེ་》《སྣར་》,pཆོས་ཐམས་ཅད།,
,,246,2,《པེ་》《སྣར་》,པ།,
,,247,3,《པེ་》《སྣར་》,pཔ།,
,,248,4,《པེ་》《སྣར་》,mདག,
,,249,5,《པེ་》《སྣར་》,mདག,
,,250,6,《པེ་》《སྣར་》,ལ།,
,791,251,1,《པེ་》《སྣར་》,mགང་ཡིན་པ།,
,,252,2,《པེ་》《སྣར་》,ལྔས།,
,,253,3,《སྣར་》,བྱ་བའི།,
,792,254,1,《པེ་》《སྣར་》,mལས།,
,,255,2,《པེ་》《སྣར་》,གསལ།,
,,256,3,《པེ་》《སྣར་》,གསལ།,
,,257,4,《པེ་》,གིས།,
,793,258,1,《པེ་》《སྣར་》,བརྡ།,
,,259,2,《པེ་》《སྣར་》,འདི་ཡང་ཅི་ཡིན། འདི་ཡང་ཇི་ལྟ་བུ་ཡིན།,
,,260,3,《པེ་》,mགང་།,
,,261,4,《པེ་》《སྣར་》,mཔར།,
,794,262,1,《པེ་》《སྣར་》,བརྟག,
,,263,2,《པེ་》《སྣར་》,པ་ནི།,
,,264,3,《པེ་》《སྣར་》,ན།,
,,265,4,《པེ་》《སྣར་》,pམིང་།,
,,266,5,《པེ་》《སྣར་》,mགི།,
,,267,6,《པེ་》《སྣར་》,གཟུགས་ཀྱི།,
,,268,7,《པེ་》《སྣར་》,mབར་གྱི།,
,,269,8,《པེ་》《སྣར་》,mགྱི་བར།,
,,270,9,《པེ་》《སྣར་》,mཡང་།,
,795,271,1,《པེ་》《སྣར་》,པས།,
,,272,2,《པེ་》《སྣར་》,mབར་གྱི།,
,,273,3,《སྣར་》,རིག,
,,274,4,《པེ་》《སྣར་》,mཔ།,
,796,275,1,《པེ་》《སྣར་》,གཅིག,
,,276,2,《པེ་》《སྣར་》,དང་།,
,,277,3,《སྣར་》,རྟོགས།,
,,278,4,《པེ་》《སྣར་》,pདག་ཡིད་ལ་བྱེད་པ།,
,,279,5,《པེ་》《སྣར་》,mསེམས།,
,,280,6,《པེ་》《སྣར་》,mལ།,
,,281,7,《པེ་》《སྣར་》,སྟེ།,
,797,282,1,《པེ་》《སྣར་》,པ།,
,,283,2,《པེ་》《སྣར་》,གིས།,
,,284,3,《སྣར་》,རྟེན།,
,,285,4,《པེ་》《སྣར་》,mགང་།,
,798,286,1,《པེ་》《སྣར་》,གིས།,
,,287,2,《སྣར་》,mངོ་བོ་ཉིད།,
,,288,3,《པེ་》《སྣར་》,mདུ་ཞིག་ཐོབ་པར་བྱ་བ་དག་ཡིན་ཞེ་ན། སྨས་པ། གཅིག་གོ།།,
,,289,4,《སྣར་》,mཔོ།,
,,290,5,《པེ་》《སྣར་》,བསྟན།,
,,291,6,《པེ་》,གིས།,
,,292,7,《སྣར་》,རྟེན།,
,799,293,1,《པེ་》《སྣར་》,mའདི།,
,,294,2,《སྣར་》,རྟེན།,
,,295,3,《པེ་》《སྣར་》,mནི་མ།,
,,296,4,《པེ་》《སྣར་》,mསྤྱོད་ཡུལ་ནི།,
,800,297,1,《པེ་》《སྣར་》,དུ།,
,,298,2,《སྣར་》,གིས།,
,,299,3,《སྣར་》,རྣམས།,
,,300,4,《པེ་》,བླང་།,
,,301,5,《པེ་》,བླང་།,
,,302,6,《པེ་》《སྣར་》,ལས་ཏེ།,
,,303,7,《པེ་》《སྣར་》,mམཚན།,
,801,304,1,《པེ་》《སྣར་》,རྟེན།,
,,305,2,《པེ་》《སྣར་》,བཙལ།,
,802,306,1,《པེ་》《སྣར་》,mཔར།,
,,307,2,《པེ་》《སྣར་》,mཔར།,
,,308,3,《པེ་》《སྣར་》,mདག,
,,309,4,《པེ་》《སྣར་》,པ།,
,803,310,1,《པེ་》《སྣར་》,སྐྱེས།,
,,311,2,《པེ་》《སྣར་》,སྐྱེད།,
,,312,3,《པེ་》《སྣར་》,ཡི་ནི།,
,,313,4,《པེ་》《སྣར་》,mདུ།,
,,314,5,《པེ་》《སྣར་》,པ།,
,,315,6,《པེ་》《སྣར་》,pབ།,
,,316,7,《པེ་》《སྣར་》,སྤོང་བར།,
,,317,8,《པེ་》《སྣར་》,pབ།,
,,318,9,《པེ་》《སྣར་》,mདུ།,
,,319,10,《པེ་》《སྣར་》,པའི།,
,804,320,1,《པེ་》《སྣར་》,mནི།,
,,321,2,《པེ་》,གཞི།,《སྣར་》,ཞི།
,,322,3,《པེ་》《སྣར་》,མ་ཐོབ་པ།,
,,323,4,《པེ་》《སྣར་》,pམ།,
,,324,5,《སྣར་》,mཔ།,
,,325,6,《པེ་》《སྣར་》,mབ།,
,805,326,1,《པེ་》《སྣར་》,ཀྱི།,
,,327,2,《པེ་》《སྣར་》,mདང་།,
,806,328,1,《སྣར་》,འཇིག,
,,329,2,《པེ་》《སྣར་》,གནས།,
,,330,3,《པེ་》《སྣར་》,བསང་བ།,
,,331,4,《པེ་》《སྣར་》,གཅིག་སྡུད།,
,807,332,1,《པེ་》《སྣར་》,mདག,
,,333,2,《པེ་》,བཏགས།,《སྣར་》,བཏག
,,334,3,《པེ་》《སྣར་》,mསྨྲས་པ།,
,808,335,1,《པེ་》《སྣར་》,mརྣམས།,
,,336,2,《པེ་》《སྣར་》,mནི།,
,,337,3,《པེ་》《སྣར་》,mནི།,
,,338,4,《པེ་》《སྣར་》,མེད་པར་འགྱུར་ཏེ་ཡང་དག་པར་རྟོག,
,,339,5,《པེ་》《སྣར་》,mལ།,
,,340,6,《པེ་》《སྣར་》,mནི།,
,,341,7,《སྣར་》,ནི།,
,,342,8,《པེ་》《སྣར་》,mཡིན།,
,809,343,1,《པེ་》《སྣར་》,mཀྱི།,
,810,344,1,《པེ་》《སྣར་》,པ།,
,,345,2,《པེ་》《སྣར་》,འགྱུར།,
,,346,3,《པེ་》《སྣར་》,ན།,
,811,347,1,《པེ་》《སྣར་》,pམི།,
,,348,2,《པེ་》《སྣར་》,mསྤང་བར་བྱ་བ་དང་།,
,812,349,1,《པེ་》《སྣར་》,mརྣམས།,
,813,350,1,《པེ་》《སྣར་》,mལྟ་འདི།,
,,351,2,《པེ་》《སྣར་》,mཀྱིས།,
,,352,3,《སྣར་》,གིས།,
,814,353,1,《པེ་》《སྣར་》,འདའ་བས་བཟློག,
,,354,2,《སྣར་》,པ།,
,,355,3,《པེ་》《སྣར་》,pམི།,
,,356,4,《པེ་》《སྣར་》,བའི།,
,815,357,1,《པེ་》《སྣར་》,པར་འགྱུར་བ།,
,,358,2,《པེ་》《སྣར་》,བསྒྲུབ།,
,,359,3,《པེ་》《སྣར་》,བསྒྲུབ་པ།,
,,360,4,《སྣར་》,mལས།,
,816,361,1,《པེ་》《སྣར་》,mརྗེས་སུ།,
,,362,2,《པེ་》《སྣར་》,mཀུན་ཏུ།,
,817,363,1,《པེ་》《སྣར་》,mརྣམས།,
,,364,2,《པེ་》《སྣར་》,mབ།,
,,365,3,《པེ་》《སྣར་》,པོའི།,
,,366,4,《པེ་》《སྣར་》,mདང་།,
,,367,5,《སྣར་》,གཏོགས།,
,,368,6,《པེ་》《སྣར་》,བརྟགས།,
,,369,7,《པེ་》《སྣར་》,ལྟར།,
,,370,8,《པེ་》《སྣར་》,mདང་།,
,818,371,1,《སྣར་》,བཟང་།,
,,372,2,《པེ་》《སྣར་》,ན།,
,,373,3,《སྣར་》,དེ།,
,819,374,1,《སྣར་》,དེ་མ།,
,,375,2,《སྣར་》,གྱུར།,
,,376,3,《པེ་》《སྣར་》,mལྷ།,
,,377,4,《པེ་》《སྣར་》,mཡང་།,
,,378,5,《པེ་》《སྣར་》,mམ།,
,,379,6,《པེ་》,ལ་བསམས།,《སྣར་》,བ་ལ་བསམས།
,,380,7,《པེ་》《སྣར་》,བའོ།།,
,820,381,1,《སྣར་》,པ།,
,,382,2,《པེ་》《སྣར་》,བསལ།,
,,383,3,《པེ་》《སྣར་》,པར།,
,,384,4,《པེ་》《སྣར་》,mཔ།,
,,385,5,《པེ་》《སྣར་》,pནི།,
,,386,6,《པེ་》《སྣར་》,pཏེ།,
,821,387,1,《པེ་》《སྣར་》,པ།,
,,388,2,《པེ་》《སྣར་》,རྟོག,
,,389,3,《པེ་》《སྣར་》,pའགགས་པ་དང་།,
,,390,4,《པེ་》《སྣར་》,mཡང་།,
,822,391,1,《པེ་》《སྣར་》,mཡང་།,
,,392,2,《པེ་》《སྣར་》,mབྱང་ཆུབ་སེམས་དཔའ་…..གང་ཡིན་པའོ།།,
,,393,3,《པེ་》《སྣར་》,དཔའི།,
,,394,4,《པེ་》《སྣར་》,mཔ།,
,,395,5,《པེ་》《སྣར་》,བྱིན།,
,,396,6,《པེ་》《སྣར་》,བོས་མ་གོས།,
,,397,7,《པེ་》《སྣར་》,སློངས།,
,823,398,1,《པེ་》《སྣར་》,mམོ།,
,,399,2,《པེ་》《སྣར་》,བལྟོས།,
,,400,3,《པེ་》《སྣར་》,mརྣམ་པ།,
,,401,4,《པེ་》《སྣར་》,སྒྲུབ།,
,,402,5,《པེ་》《སྣར་》,རྔུལ།,《ཅོ་》,ཚུལ།
,,403,6,《སྣར་》,གིས།,
,,404,7,《པེ་》《སྣར་》,མོ།,
,,405,8,《པེ་》《སྣར་》,སློངས།,
,,406,9,《པེ་》《སྣར་》,mརྣམ་པ།,
,,407,10,《པེ་》《སྣར་》,པས།,
,,408,11,《པེ་》《སྣར་》,pནམ།,
,,409,12,《སྣར་》,བལྟ།,
,,410,13,《པེ་》《སྣར་》,པའི།,
,824,411,1,《པེ་》《སྣར་》,བསོག,
,,412,2,《པེ་》《སྣར་》,བསལ།,
,,413,3,《པེ་》《སྣར་》,སློངས།,
,,414,4,《སྣར་》,pཅན།,
,,415,5,《པེ་》《སྣར་》,སློངས་མོ་པ།,
,,416,6,《པེ་》《སྣར་》,སློངས།,
,825,417,1,《པེ་》《སྣར་》,mཤོག,
,,418,2,《པེ་》《སྣར་》,སློངས།,
,,419,3,《པེ་》《སྣར་》,བའི།,
,,420,4,《པེ་》《སྣར་》,བརྗོད།,
,,421,5,《པེ་》《སྣར་》,བརྗོད།,
,,422,6,《པེ་》《སྣར་》,སློངས།,
,,423,7,《པེ་》《སྣར་》,བདོག,
,,424,8,《སྣར་》,བཤད།,
,,425,9,《པེ་》《སྣར་》,mརྣམ་པ།,
,,426,10,《པེ་》《སྣར་》,སློངས།,
,,427,11,《པེ་》《སྣར་》,mསྦྱིན་པར་བྱ་…..དག་པ་དང་།,
,826,428,1,《སྣར་》,བཟུང་།,
,,429,2,《པེ་》《སྣར་》,pདུ།,
,,430,3,《པེ་》《སྣར་》,ལས།,
,,431,4,《པེ་》《སྣར་》,སློངས།,
,,432,5,《པེ་》《སྣར་》,བྱའི།,
,,433,6,《པེ་》《སྣར་》,སློངས།,
,,434,7,《པེ་》《སྣར་》,ཏུ།,
,,435,8,《པེ་》《སྣར་》,mདག,
,,436,9,《པེ་》《སྣར་》,mསྦྱིན་པ།,
,,437,10,《པེ་》《སྣར་》,mཚེ།,
,,438,11,《པེ་》《སྣར་》,པ་སྟེ།,
,827,439,1,《པེ་》《སྣར་》,ཇི།,
,,440,2,《པེ་》《སྣར་》,སློངས།,
,,441,3,《པེ་》《སྣར་》,mདུ།,
,,442,4,《པེ་》《སྣར་》,mལེགས་པར་སྤྱད་པ་སྤྱོད་པ་རྣམས་དང་།,
,,443,5,《པེ་》《སྣར་》,pབ།,
,,444,6,《པེ་》《སྣར་》,mསྦྱིན་པ།,
,,445,7,《སྣར་》,བྱ་བའི།,
,828,446,1,《པེ་》《སྣར་》,mཔོ།,
,,447,2,《པེ་》《སྣར་》,བཀབ།,
,829,448,1,《པེ་》《སྣར་》,mཔ།,
,,449,2,《པེ་》《སྣར་》,སློངས།,
,,450,3,《པེ་》《སྣར་》,བ།,
,,451,4,《པེ་》《སྣར་》,སློངས།,
,,452,5,《པེ་》,mརྫོགས་པ་ལས་ཡོངས་སུ།,
,,453,6,《པེ་》《སྣར་》,གྱིས།,
,,454,7,《པེ་》《སྣར་》,དེ་ལ།,
,830,455,1,《པེ་》《སྣར་》,བརྟགས།,
,,456,2,《པེ་》《སྣར་》,བརྟག་པས།,
,,457,3,《པེ་》《སྣར་》,བསོགས།,
,,458,4,《པེ་》《སྣར་》,བསོགས།,
,,459,5,《པེ་》《སྣར་》,pཡང་།,
,,460,6,《པེ་》《སྣར་》,pཡང་།,
,,461,7,《ཅོ་》,པར།,
,831,462,1,《པེ་》《སྣར་》,སློངས།,
,,463,2,《པེ་》《སྣར་》,གཞུགས།,
,,464,3,《པེ་》《སྣར་》,mགྱི།,
,,465,4,《པེ་》《སྣར་》,མཐོ་བཙམ།,
,,466,5,《པེ་》《སྣར་》,བརྟགས།,
,,467,6,《པེ་》《སྣར་》,ལམ།,
,832,468,1,《པེ་》《སྣར་》,ཀྱིས།,
,,469,2,《པེ་》《སྣར་》,ཀྱིས།,
,,470,3,《པེ་》《སྣར་》,ཡང་།,
,,471,4,《པེ་》《སྣར་》,པའི།,
,,472,5,《པེ་》《སྣར་》,པ།,
,,473,6,《པེ་》《སྣར་》,ཀྱིས།,
,,474,7,《པེ་》《སྣར་》,བཙལ།,
,,475,8,《པེ་》《སྣར་》,mབར།,
,733,476,1,《པེ་》《སྣར་》,pདེ།,
,,477,2,《པེ་》《སྣར་》,བཙལ།,
,,478,3,《པེ་》《སྣར་》,mཔར་བྱེད།,
,834,479,1,《པེ་》《སྣར་》,mགཅིག་ཏུ།,
,,480,2,《སྣར་》,pཔ།,
,,481,3,《པེ་》《སྣར་》,དཔས།,
,,482,4,《པེ་》《སྣར་》,གཏོགས།,
,,483,5,《པེ་》《སྣར་》,ཅིང་།,
,,484,6,《པེ་》《སྣར་》,mགིས།,
,,485,7,《པེ་》《སྣར་》,mཔ།,
,,486,8,《པེ་》《སྣར་》,བསམ།,
,,487,9,《པེ་》《སྣར་》,བསྒོམ།,
,835,488,1,《པེ་》《སྣར་》,བསྐྱེད།,
,,489,2,《པེ་》《སྣར་》,བསྐྱེད།,
,,490,3,《སྣར་》,རྩོན།,
,,491,4,《པེ་》《སྣར་》,བའི་སྡུས།,
,836,492,1,《སྣར་》,བསྡུད།,
,,493,2,《པེ་》《སྣར་》,འགྱུར།,
,,494,3,《སྣར་》,མ།,
,,495,4,《པེ་》《སྣར་》,mགཞན་གྱི་ངོ་བྱ་བའི་ཕྱིར་དང་།,
,,496,5,《པེ་》《སྣར་》,mཔ།,
,,497,6,《པེ་》《སྣར་》,རྗེ་བའི།,
,,498,7,《པེ་》《སྣར་》,བསྐྱེད།,
,,499,8,《པེ་》《སྣར་》,བརྗོད།,
,,500,9,《པེ་》《སྣར་》,mདེ་དག་ལས་ཐམས་ཅད་…..ཆོས་བཞི་པོ།,
,837,501,1,《པེ་》《སྣར་》,ཀྱི།,
,,502,2,《པེ་》《སྣར་》,འགྱུར་བ།,
,,503,3,《པེ་》《སྣར་》,སློངས།,
,,504,4,《སྣར་》,སོ།,
,,505,5,《པེ་》《སྣར་》,སློངས།,
,,506,6,《པེ་》《སྣར་》,ན།,
,,507,7,《པེ་》《སྣར་》,བླངས།,
,838,508,1,《པེ་》《སྣར་》,ལ།,
,,509,2,《པེ་》《སྣར་》,པ་ན།,
,,510,3,《པེ་》《སྣར་》,ཅི།,
,,511,4,《པེ་》《སྣར་》,mཁ་ན།,
,,512,5,《པེ་》《སྣར་》,ཅི།,
,,513,6,《པེ་》《སྣར་》,སློངས་མོ།,
,,514,7,《པེ་》《སྣར་》,mལ།,
,,515,8,《སྣར་》,བསྐྱེད།,
,,516,9,《སྣར་》,བཟུང་།,
,,517,10,《པེ་》《སྣར་》,pཔ།,
,839,518,1,《པེ་》《སྣར་》,ཆེན།,
,,519,2,《པེ་》《སྣར་》,pཉིད། mཉིད།,
,,520,3,《པེ་》《སྣར་》,ཡིན་ནོ། །,
,840,521,1,《པེ་》《སྣར་》,ལས།,
,,522,2,《པེ་》《སྣར་》,གིས།,
,,523,3,《པེ་》《སྣར་》,mཔར་དག་པ་རྣམ།,
,,524,4,《པེ་》《སྣར་》,ལས།,
,,525,5,《པེ་》《སྣར་》,སྤོང་བ།,
,,526,6,《པེ་》《སྣར་》,ལས།,
,841,527,1,《པེ་》《སྣར་》,སྲུང་།,
,,528,2,《པེ་》《སྣར་》,བ་སྟེ།,
,,529,3,《པེ་》《སྣར་》,བསྟན།,
,,530,4,《པེ་》《སྣར་》,mརྣམ་པ།,
,,531,5,《པེ་》《སྣར་》,པ་ནི་རྣམ་པ།,
,,532,6,《པེ་》《སྣར་》,བསྒོམ།,
,,533,7,《པེ་》《སྣར་》,mདུ།,
,,534,8,《པེ་》《སྣར་》,རིམ།,
,,535,9,《པེ་》《སྣར་》,mབ།,
,,536,10,《པེ་》《སྣར་》,mཡང་རྣམ་པ།,
,,537,11,《སྣར་》,བ།,
,,538,12,《སྣར་》,བ།,
,842,539,1,《པེ་》《སྣར་》,mཔར་དག་པ་རྣམ།,
,,540,2,《པེ་》《སྣར་》,mདེ།,
,,541,3,《པེ་》《སྣར་》,པ།,
,,542,4,《པེ་》《སྣར་》,བཅད།,
,,543,5,《པེ་》《སྣར་》,དབོག,
,,544,6,《པེ་》《སྣར་》,mལུས་ཀྱི།,
,,545,7,《པེ་》《སྣར་》,སྐྱེད།,
,843,546,1,《པེ་》《སྣར་》,སྐྱེད།,
,,547,2,《པེ་》《སྣར་》,mཔར་བྱེད།,
,,548,3,《པེ་》《སྣར་》,སྐྱེད།,
,,549,4,《པེ་》《སྣར་》,རྣམ།,
,,550,5,《པེ་》《སྣར་》,སྐྱེད།,
,,551,6,《སྣར་》,པོ,
,,552,7,《པེ་》《སྣར་》,ཀྱི།,
,,553,8,《པེ་》《སྣར་》,པ།,
,844,554,1,《པེ་》《སྣར་》,pབར་འགྱུར།,
,,555,2,《པེ་》《སྣར་》,དཔས།,
,,556,3,《པེ་》《སྣར་》,mབསྡུ།,
,845,557,1,《པེ་》《སྣར་》,pཔ།,
,,558,2,《སྣར་》,mཔས།,
,,559,3,《པེ་》《སྣར་》,ཀྱི།,
,846,560,1,《པེ་》《སྣར་》,དཔས།,
,,561,2,《པེ་》《སྣར་》,ཉེས་པ་གཟུང་།,
,,562,3,《པེ་》《སྣར་》,mཅེས།,
,,563,4,《པེ་》《སྣར་》,pཉིད།,
,,564,5,《པེ་》《སྣར་》,mཅི།,
,,565,6,《པེ་》《སྣར་》,དེ་ནས།,
,847,566,1,《པེ་》《སྣར་》,mདེ།,
,,567,2,《པེ་》《སྣར་》,སྡེའི།,
,,568,3,《པེ་》《སྣར་》,བརྟག,
,,569,4,《པེ་》《སྣར་》,བརྟག,
,,570,5,《པེ་》《སྣར་》,pསྐྱེ་མཆེད་བཅུ་གཉིས་པོ་དག་ལ། mསྐྱེ་མཆེད་བཅུ་གཉིས་པོ་དག་ལ།,
,,571,6,《པེ་》《སྣར་》,བརྟག,
,,572,7,《པེ་》《སྣར་》,བརྟག,
,,573,8,《པེ་》《སྣར་》,pསྐྱེ་མཆེད་བཅུ་གཉིས་པོ་དག་ལ།,
,848,574,1,《པེ་》《སྣར་》,mདུ།,
,,575,2,《པེ་》《སྣར་》,རྟོག,
,,576,3,《པེ་》《སྣར་》,ལས།,
,,577,4,《པེ་》《སྣར་》,mདུ།,
,,578,5,《པེ་》《སྣར་》,mརྣམ་པ།,
,,579,6,《པེ་》《སྣར་》,mཉིད།,
,,580,7,《པེ་》《སྣར་》,pཀྱི།,
,,581,8,《པེ་》《སྣར་》,mདུ།,
,849,582,1,《པེ་》《སྣར་》,བརྟག,
,,583,2,《པེ་》,pམོ།,
,850,584,1,《པེ་》《སྣར་》,mའདུས་མ་བྱས་ཀྱང་།,
,,585,2,《པེ་》《སྣར་》,mལ།,
,,586,3,《པེ་》《སྣར་》,mདེ་ཡང་དེ་དང་འདྲ་བ་ཉིད་དུ་འགྱུར་རོ།།,
,,587,4,《པེ་》《སྣར་》,ཞེས།,
,,588,5,《པེ་》《སྣར་》,ཀྱི།,
,,589,6,《སྣར་》,རྟོགས།,
,851,590,1,《པེ་》《སྣར་》,མ་གཏོགས།,
,,591,2,《པེ་》《སྣར་》,mདེ་ཉིད།,
,,592,3,《པེ་》《སྣར་》,mརྫོགས་པར།,
,,593,4,《པེ་》《སྣར་》,པའི།,
,,594,5,《པེ་》《སྣར་》,པར།,
,,595,6,《པེ་》《སྣར་》,མ།,
,852,596,1,《པེ་》《སྣར་》,རྟ་པའི།,
,,597,2,《སྣར་》,བཟུང་།,
,,598,3,《པེ་》《སྣར་》,pདེ་དག,
,,599,4,《པེ་》《སྣར་》,ན།,
,,600,5,《པེ་》《སྣར་》,mསྣང་བ།,
,853,601,1,《པེ་》《སྣར་》,རྒྱུ།,
,,602,2,《པེ་》《སྣར་》,mདོ།།,
,,603,3,《པེ་》,བརྟག,《སྣར་》,བརྟགས།
,,604,4,《པེ་》《སྣར་》,ན།,
,,605,5,《པེ་》《སྣར་》,mབཞིན་དུ།,
,,606,6,《པེ་》《སྣར་》,mཅན།,
,854,607,1,《པེ་》《སྣར་》,mདོ།།,
,,608,2,《པེ་》《སྣར་》,mདག,
,,609,3,《པེ་》《སྣར་》,གདུགས།,
,855,610,1,《པེ་》《སྣར་》,བསམ།,
,,611,2,《པེ་》《སྣར་》,གཞེར་འདེབས་པར།,
,,612,3,《པེ་》《སྣར་》,བཅད་པ་བགྱིས་ཏེ།,
,,613,4,《པེ་》《སྣར་》,རྟགས།,
,,614,5,《སྣར་》,བསལ།,
,856,615,1,《པེ་》《སྣར་》,ཀྱིས།,
,,616,2,《སྣར་》,ཀྱི།,
,,617,3,《སྣར་》,mལས།,
,857,618,1,《པེ་》《སྣར་》,སྟེན།,
,,619,2,《པེ་》《སྣར་》,mནི།,
,,620,3,《སྣར་》,པའི་འདོད་པ།,
,,621,4,《པེ་》《སྣར་》,mལ།,
,,622,5,《པེ་》《སྣར་》,mཔ།,
,858,623,1,《པེ་》《སྣར་》,mཉིད།,
,,624,2,《པེ་》《སྣར་》,གིས།,
,,625,3,《པེ་》《སྣར་》,བསམ།,
,,626,4,《པེ་》《སྣར་》,mདང་ཐ་དད་པ།,
,859,627,1,《པེ་》《སྣར་》,ལས།,
,,628,2,《པེ་》《སྣར་》,ཤེས།,
,,629,3,《པེ་》《སྣར་》,རྟོགས།,
,,630,4,《པེ་》《སྣར་》,pབ།,
,860,631,1,《སྣར་》,mམ།,
,,632,2,《པེ་》《སྣར་》,བོའི།,
,,633,3,《པེ་》《སྣར་》,pབ།,
,861,634,1,《པེ་》《སྣར་》,pརྣམ་པར་མ་གྲོལ་བ་མ་ཡིན་གྱི།,
,,635,2,《པེ་》《སྣར་》,ལ།,
,,636,3,《པེ་》《སྣར་》,mཀྱང་།,
,,637,4,《པེ་》《སྣར་》,mནི།,
,862,638,1,《པེ་》《སྣར་》,pའདུ་བྱེད་ཀྱི་མཚན་ཉིད།,
,,639,2,《པེ་》《སྣར་》,mཇི་ལྟར།,
,863,640,1,《པེ་》《སྣར་》,པའང་།,
,,641,2,《པེ་》《སྣར་》,pགིས།,
,,642,3,《སྣར་》,བཞུགས།,
,,643,4,《པེ་》《སྣར་》,mཉིད།,
,,644,5,《སྣར་》,mཔ་མ་ཡིན་པའམ། མཚན་ཉིད་ཐ་དད།,
,,645,6,《སྣར་》,དུ།,
,864,646,1,《པེ་》《སྣར་》,mཀྱང་།,
,,647,2,《སྣར་》,བསལ།,
,865,648,1,《པེ་》《སྣར་》,mམངོན་པའི་ང་རྒྱལ།,
,,649,2,《པེ་》《སྣར་》,mཔར་བྱེད།,
,,650,3,《པེ་》《སྣར་》,mམངོན་དུ།,
,,651,4,《པེ་》《སྣར་》,mཔར་བྱེད།,
,,652,5,《པེ་》《སྣར་》,སླད།,
,866,653,1,《སྣར་》,འཇིགས།,
,,654,2,《པེ་》《སྣར་》,mདེ།,
,,655,3,《པེ་》《སྣར་》,བགྱི་བ།,
,,656,4,《པེ་》《སྣར་》,སྒོམ།,
,,657,5,《པེ་》《སྣར་》,mཔ།,
,,658,6,《སྣར་》,པ།,
,,659,7,《པེ་》《སྣར་》,སྒོམ།,
,867,660,1,《པེ་》《སྣར་》,mནི།,
,,661,2,《པེ་》《སྣར་》,mདེ།,
,,662,3,《པེ་》《སྣར་》,དང་གཉེན་པོའི་ཕྱོགས།,
,,663,4,《པེ་》《སྣར་》,སྒོམ།,
,,664,5,《པེ་》《སྣར་》,བགྱིད།,
,868,665,1,《པེ་》《སྣར་》,mམཆོག་ཏུ་ཕྲ་བ།,
,869,666,1,《པེ་》,སྐྱེ་མཆེད་དང་ཁམས།,《སྣར་》,ཁམས།
,870,667,1,《སྣར་》,pན།,
,,668,2,《པེ་》《སྣར་》,mམཚན་ཉིད།,
,,669,3,《པེ་》《སྣར་》,pཉིད།,
,,670,4,《པེ་》《སྣར་》,mཔ།,
,,671,5,《པེ་》《སྣར་》,mམ་ཡིན་པ།,
,871,672,1,《པེ་》《སྣར་》,གསུང་།,
,,673,2,《སྣར་》,དཔའི།,
,,674,3,《པེ་》《སྣར་》,mབྱང་ཆུབ་སེམས་དཔའ།,
,,675,4,《པེ་》《སྣར་》,mཁྱོད།,
,872,676,1,《པེ་》《སྣར་》,pན།,
,,677,2,《པེ་》《སྣར་》,mལ།,
,,678,3,《སྣར་》,pན།,
,873,679,1,《པེ་》《སྣར་》,ལས།,
,,680,2,《པེ་》《སྣར་》,ཅིག,
,,681,3,《པེ་》《སྣར་》,པ།,
,,682,4,《པེ་》《སྣར་》,pཆུའི།,
,,683,5,《པེ་》《སྣར་》,ཅིག,
,,684,6,《པེ་》《སྣར་》,mརབ་ཏུ།,
,,685,7,《པེ་》《སྣར་》,mརྒྱུན་གྱིས།,
,,686,8,《པེ་》《སྣར་》,གསུངས།,
,,687,9,《པེ་》《སྣར་》,ཅིག,
,874,688,1,《པེ་》《སྣར་》,mཡང་།,
,,689,2,《པེ་》《སྣར་》,བསགས།,
,876,690,1,《པེ་》《སྣར་》,mཁྱོད་ལ།,
,,691,2,《པེ་》《སྣར་》,ཤིག་པ།,
,877,692,1,《པེ་》《སྣར་》,ཀྱིས།,
,,693,2,《པེ་》《སྣར་》,mཅན་གྱི་མིག་ལ་རབ་རིབ།,
,,694,3,《པེ་》《སྣར་》,mནི།,
,,695,4,《པེ་》,ཨཎྚ།,《སྣར་》,ཨཎྜ།
,,696,5,《པེ་》,ཨཎྚ།,《སྣར་》,ཨཎྜ།
,,697,6,《སྣར་》,mཚེ།,
,878,698,1,《པེ་》《སྣར་》,རུ།,
,,699,2,《པེ་》《སྣར་》,ཨཎྚ།,《སྣར་》,ཨཎྜ།
,,700,3,《པེ་》《སྣར་》,pདེ།,
,,701,4,《པེ་》,ཨཎྚ།,《སྣར་》,ཨཎྜ།
,,702,5,《པེ་》《སྣར་》,mཡོངས།,
,879,703,1,《སྣར་》,pདུ།,
,,704,2,《སྣར་》,pདུ།,
,,705,3,《པེ་》《སྣར་》,དཔས།,
,,706,4,《པེ་》《སྣར་》,mན།,
,880,707,1,《པེ་》《སྣར་》,mདང་། གཞན་གྱི……གྲུབ་པའི་མཚན་ཉིད།,
,,708,2,《པེ་》《སྣར་》,pཆོས་རྣམས་ཀྱི་གཞན་གྱི་དབང་གི་མཚན་ཉིད་དང་། ཡོངས་སུ་གྲུབ་པའི་མཚན་ཉིད་དང་།,
,,709,3,《པེ་》《སྣར་》,pདུ།,
,,710,4,《པེ་》《སྣར་》,mམཚན་ཉིད་ཀྱི།,
,,711,5,《པེ་》《སྣར་》,པ།,
,,712,6,《པེ་》《སྣར་》《ཅོ་》,པ།,
,,713,7,《པེ་》《སྣར་》,བཅོམ།,
,,714,8,《སྣར་》,བཀྲིས།,
,,715,9,《པེ་》《སྣར་》,ཅག་གཅིག་ཏུ།,
,881,716,1,《སྣར་》,pཔ།,
,,717,2,《སྣར་》,པར་བྱ་བ།,
,,718,3,《སྣར་》,སྤངས།,
,,719,4,《པེ་》《སྣར་》,mབཞིན་དུ།,
,,720,5,《པེ་》《སྣར་》,mརྣམས།,
,883,721,1,《པེ་》《སྣར་》,mསྐྱེ་བ་ངོ་བོ་ཉིད་མེད་པ་ཉིད་དང་།,
,,722,2,《སྣར་》,པའི།,
,,723,3,《པེ་》《སྣར་》,བརྡས།,
,,724,4,《སྣར་》,དེའི།,
,,725,5,《པེ་》《སྣར་》,mཉིད།,
,,726,6,《པེ་》《སྣར་》,གྱིས།,
,,727,7,《པེ་》《སྣར་》,mནི།,
,,728,8,《པེ་》《སྣར་》,mཡོངས་སུ།,
,884,729,1,《པེ་》《སྣར་》,mཉིད།,
,,730,2,《པེ་》《སྣར་》,པས།,
,,731,3,《པེ་》《སྣར་》,ལ།,
,885,732,1,《པེ་》《སྣར་》,mཞི་བ་དང་།,
,,733,2,《པེ་》《སྣར་》,པ།,
,886,734,1,《པེ་》《སྣར་》,mངོ་བོ་ཉིད།,
,,735,2,《པེ་》《སྣར་》,mརྗེས་སུ།,
,887,736,1,《པེ་》《སྣར་》,mའདུ།,
,,737,2,《པེ་》《སྣར་》,དངང་།,
,,738,3,《པེ་》《སྣར་》,དངང་།,
,,739,4,《པེ་》《སྣར་》,བཟློག,
,,740,5,《པེ་》《སྣར་》,བརྟེན།,
,,741,6,《པེ་》《སྣར་》,སྐྱེད།,
,,742,7,《པེ་》《སྣར་》,pམི།,
,,743,8,《པེ་》《སྣར་》,mམི།,
,,744,9,《སྣར་》,pམི།,
,888,745,1,《པེ་》《སྣར་》,བསྐྱེད།,
,,746,2,《སྣར་》,འཆད།,
,889,747,1,《པེ་》《སྣར་》,mགང་།,
,,748,2,《པེ་》《སྣར་》,བཞག་སྟེ།,
,,749,3,《པེ་》《སྣར་》,བྱེད་པ།,
,890,750,1,《པེ་》《སྣར་》,ཀྱི།,
,,751,2,《སྣར་》,པ།,
,,752,3,《པེ་》《སྣར་》,mཔ།,
,,753,4,《པེ་》《སྣར་》,mངའི།,
,,754,5,《པེ་》《སྣར་》,mརབ་ཏུ།,
,,755,6,《པེ་》《སྣར་》,mཡང་།,
,,756,7,《པེ་》《སྣར་》,ཉིད་དུ།,
,891,757,1,《པེ་》《སྣར་》,ངའི།,
,,758,2,《པེ་》《སྣར་》,གེའི།,
,,759,3,《པེ་》《སྣར་》,mདག,
,,760,4,《པེ་》《སྣར་》,mགི།,
,,761,5,《པེ་》《སྣར་》,mདེ།,
,,762,6,《པེ་》《སྣར་》,བར།,
,892,763,1,《པེ་》《སྣར་》,mའདོན་པར་ཡང་བྱེད།,
,,764,2,《པེ་》《སྣར་》,སྒོམ།,
,,765,3,《པེ་》《སྣར་》,གོང་།,
,,766,4,《པེ་》《སྣར་》,ལ།,
,,767,5,《པེ་》《སྣར་》,ནས།,
,,768,6,《པེ་》《སྣར་》,mཟབ་མོ།,
,,769,7,《པེ་》《སྣར་》,ཞེས།,
,893,770,1,《པེ་》《སྣར་》,mམཚན་ཉིད།,
,,771,2,《པེ་》《སྣར་》,mནི།,
,,772,3,《པེ་》《སྣར་》,mམ།,
,,773,4,《པེ་》《སྣར་》,pལ།,
,,774,5,《པེ་》《སྣར་》,pདེ་དག་ནི།,
,,775,6,《པེ་》《སྣར་》,འགག,
,894,776,1,《པེ་》《སྣར་》,བརྗོད།,
,,777,2,《པེ་》《སྣར་》,བརྗོད།,
,,778,3,《པེ་》《སྣར་》,mལ།,
,,779,4,《པེ་》《སྣར་》,སྐྱེད།,
,,780,5,《པེ་》《སྣར་》,mཅིང་།,
,,781,6,《པེ་》《སྣར་》,pདུ།,
,,782,7,《པེ་》《སྣར་》,mདེ།,
,,783,8,《པེ་》《སྣར་》,བརྗོད།,
,895,784,1,《པེ་》《སྣར་》,གསན།,
,,785,2,《སྣར་》,བསྒྲིབ།,
,896,786,1,《པེ་》《སྣར་》,བརྟན།,
,,787,2,《པེ་》《སྣར་》,ཅི།,
,,788,3,《པེ་》《སྣར་》,mཕྲ་བ།,
,,789,4,《པེ་》《སྣར་》,mཉིད་ཀྱི་མཚན།,
,,790,5,《པེ་》《སྣར་》,བརྡར་མིང་།,
,,791,6,《པེ་》《སྣར་》,ཉིད།,
,897,792,1,《པེ་》《སྣར་》,པར།,
,,793,2,《པེ་》《སྣར་》,mཉིད།,
,,794,3,《པེ་》《སྣར་》,པར།,
,,795,4,《པེ་》《སྣར་》,pལ།,
,,796,5,《པེ་》《སྣར་》,པོའི།,
,,797,6,《པེ་》《སྣར་》,mདུ།,
,,798,7,《པེ་》《སྣར་》,དང་།,
,,799,8,《པེ་》《སྣར་》,mཉིད་ཀྱི་མཚན།,
,,800,9,《པེ་》《སྣར་》,བརྡས་མིང་།,
,898,801,1,《པེ་》《སྣར་》,ལ།,
,,802,2,《པེ་》《སྣར་》,པར།,
,,803,3,《པེ་》《སྣར་》,mདེ།,
,,804,4,《པེ་》《སྣར་》,པར།,
,899,805,1,《པེ་》《སྣར་》,བརྡས་མིང་།,
,,806,2,《པེ་》《སྣར་》,པར།,
,,807,3,《པེ་》《སྣར་》,mཆོས།,
,,808,4,《པེ་》《སྣར་》,ལྒ་ནི་ཕྱེའི།,
,,809,5,《པེ་》《སྣར་》,སྩལ།,
,,810,6,《པེ་》《སྣར་》,mབ།,
,,811,7,《པེ་》《སྣར་》,ཀྱི།,
,900,812,1,《པེ་》《སྣར་》,mབཅོམ་ལྡན་ཀྱིས།,
,,813,2,《པེ་》《སྣར་》,གྱིས།,
,,814,3,《པེ་》《སྣར་》,སྩལ།,
,,815,4,《པེ་》《སྣར་》,mབ།,
,,816,5,《པེ་》《སྣར་》,མོར།,
,,817,6,《པེ་》《སྣར་》,mཔ།,
,,818,7,《པེ་》《སྣར་》,སྩལ།,
,,819,8,《པེ་》《སྣར་》,mཉིད།,
,,820,9,《པེ་》《སྣར་》,སྩལ།,
,,821,10,《པེ་》《སྣར་》,བརྩལ།,
,901,822,1,《པེ་》《སྣར་》,ཀྱིས།,
,,823,2,《པེ་》《སྣར་》,བརྩལ།,
,,824,3,《པེ་》《སྣར་》,སྒྲིབ།,
,,825,4,《པེ་》《སྣར་》,mབ།,
,,826,5,《པེ་》《སྣར་》,པས།,
,,827,6,《པེ་》《སྣར་》,ལྒ།,
,,828,7,《པེ་》《སྣར་》,གྱིས།,
,,829,8,《པེ་》《སྣར་》,ར་ཎ་སི།,
,,830,9,《པེ་》《སྣར་》,བཞིའི་རྣམ་པ།,
,,831,10,《པེ་》《སྣར་》,ཀྱིས།,
,,832,11,《པེ་》《སྣར་》,pམ།,
,,833,12,《པེ་》《སྣར་》,pམ།,
,,834,13,《པེ་》《སྣར་》,འགགས།,
,902,835,1,《པེ་》《སྣར་》,pམ།,
,,836,2,《པེ་》《སྣར་》,pམ།,
,,837,3,《པེ་》《སྣར་》,mཉིད།,
,,838,4,《པེ་》《སྣར་》,mཉིད།,
,,839,5,《པེ་》《སྣར་》,mལས།,
,,840,6,《པེ་》《སྣར་》,ལོ།,
,,841,7,《པེ་》《སྣར་》,mཉིད།,
,,842,8,《པེ་》《སྣར་》,པར།,
,,843,9,《པེ་》《སྣར་》,སྐྱེད།,
,903,844,1,《པེ་》《སྣར་》,ས།,
,,845,2,《པེ་》《སྣར་》,mསའི།,
,,846,3,《སྣར་》,རྒྱའི།,
,,847,4,《པེ་》《སྣར་》,ཞིང་།,
,,848,5,《པེ་》《སྣར་》,mདཔེ་དང་།,
,,849,6,《སྣར་》,རྒྱའི།,
,,850,7,《པེ་》《སྣར་》,པར།,
,,851,8,《པེ་》《སྣར་》,འགྲུབ།,
,,852,9,《སྣར་》,རྒྱའི།,
,,853,10,《པེ་》《སྣར་》,mཀྱིས།,
,,854,11,《པེ་》《སྣར་》,mའདི་ནི།,
,904,855,1,《སྣར་》,mཔ།,
,,856,2,《པེ་》《སྣར་》,pཕྲག,
,,857,3,《པེ་》《སྣར་》,པ།,
,,858,4,《པེ་》《སྣར་》,mའདི་ལྟ་སྟེ།,
,905,859,1,《སྣར་》,རྟོགས།,
,,860,2,《པེ་》《སྣར་》,དགོངས།,
,,861,3,《པེ་》《སྣར་》,mབྱང་ཆུང་སེམས་དཔའ།,
,,862,4,《པེ་》《སྣར་》,བགྱིད་པ།,
,,863,5,《སྣར་》,ཀྱི།,
,,864,6,《པེ་》《སྣར་》,mདུ།,
,,865,7,《སྣར་》,བཞིའི།,
,,866,8,《པེ་》《སྣར་》,གཟུང་།,
,,867,9,《པེ་》《སྣར་》,mདེ།,
,,868,10,《པེ་》《སྣར་》,mགང་ཡིན་པ།,
,906,869,1,《པེ་》《སྣར་》,mཅན།,
,,870,2,《པེ་》《སྣར་》,བསམ།,
,,871,3,《སྣར་》,བསམ།,
,,872,4,《པེ་》《སྣར་》,mཇི་སྲིད་དུ།,
,,873,5,《པེ་》《སྣར་》,mདེ།,
,,874,6,《པེ་》《སྣར་》,mཤིན་ཏུ་སྦྱངས་པ།,
,,875,7,《པེ་》《སྣར་》,pམ།,
,,876,8,《པེ་》《སྣར་》,ལ།,
,,877,9,《པེ་》《སྣར་》,mནང་།,
,,878,10,《པེ་》《སྣར་》,ཞེས།,
,,879,11,《སྣར་》,པའི།,
,907,880,1,《པེ་》《སྣར་》,pཆོས།,
,,881,2,《པེ་》《སྣར་》,དེ་དེ།,
,,882,3,《པེ་》《སྣར་》,mདེ།,
,,883,4,《པེ་》《སྣར་》,ཀྱིས།,
,908,884,1,《པེ་》《སྣར་》,mཔ།,
,,885,2,《པེ་》《སྣར་》,mཉིད།,
,,886,3,《པེ་》《སྣར་》,mཉིད།,
,909,887,1,《པེ་》《སྣར་》,བལྟོས།,
,,888,2,《པེ་》《སྣར་》,གྱིས།,
,910,889,1,《པེ་》《སྣར་》,mའདི་ལྟ།,
,,890,2,《པེ་》《སྣར་》,བརྣགས།,
,,891,3,《སྣར་》,mབ།,
,,892,4,《པེ་》《སྣར་》,mཆོས་ཐམས་ཅད་བདག་མེད་པ་ཞེས་བྱ་བའམ།,
,911,893,1,《པེ་》《སྣར་》,mཔས་མངོན་པར་བརྗོད།,
,,894,2,《སྣར་》,མོར།,
,,895,3,《པེ་》《སྣར་》,གྱུར་པའི།,
,,896,4,《པེ་》《སྣར་》,ཀྱིས།,
,,897,5,《སྣར་》,pདང་།,
,912,898,1,《པེ་》《སྣར་》,རྣམ།,
,,899,2,《པེ་》《སྣར་》,mཀྱི།,
,,900,3,《པེ་》《སྣར་》,mདང་།,
,,901,4,《པེ་》,ལ།,《སྣར་》,mགང་ལ།
,,902,5,《པེ་》《སྣར་》,བཏང་།,
,,903,6,《པེ་》《སྣར་》,mན།,
,,904,7,《སྣར་》,བཟུང་།,
,913,905,1,《པེ་》,སྤྱོད་པ་མ་ཡིན།,《སྣར་》,སྤྱོད་པས་མི།
,,906,2,《པེ་》《སྣར་》,ཏོ།,
,,907,3,《པེ་》《སྣར་》,mམེད།,
,914,908,1,《པེ་》《སྣར་》,mཇི་ལྟར་……རིག་པ་ལགས།,
,,909,2,《པེ་》《སྣར་》,pཔ།,
,,910,3,《པེ་》《སྣར་》,བ་པའི།,
,,911,4,《པེ་》《སྣར་》,mདང་།,
,,912,5,《པེ་》《སྣར་》,སོ།,
,,913,6,《པེ་》《སྣར་》,mཆོས།,
,,914,7,《པེ་》《སྣར་》,དཔས།,
,915,915,1,《པེ་》《སྣར་》,mཕྱིན་ཅི་ལོག་གི་དོན་དང་།,
,,916,2,《ཅོ་》,mཔ།,
,,917,3,《པེ་》《སྣར་》,བ་པའི།,
,,918,4,《པེ་》《སྣར་》,བ་པའི།,
,,919,5,《པེ་》《སྣར་》,mལ།,
,,920,6,《པེ་》《སྣར་》,mལ།,
,,921,7,《པེ་》《སྣར་》,mཔ་ཉིད་གང་ཡིན།,
,,922,8,《པེ་》《སྣར་》,སྒྲུབ།,
,,923,9,《པེ་》《སྣར་》,སྒྲུབ།,
,,924,10,《པེ་》《སྣར་》,mདེ།,
,,925,11,《པེ་》《སྣར་》,སྒྲུབ།,
,916,926,1,《པེ་》《སྣར་》,mཀྱི་དེ་བཞིན་ཉིད།,
,,927,2,《པེ་》《སྣར་》,པའི།,
,,928,3,《པེ་》《སྣར་》,སྒྲུབ།,
,,929,4,《པེ་》《སྣར་》,སོ།,
,,930,5,《པེ་》《སྣར་》,ཚིགས།,
,,931,6,《པེ་》《སྣར་》,ཚིགས།,
,,932,7,《པེ་》《སྣར་》,ཛམྦུ།,
,917,933,1,《པེ་》《སྣར་》,mདེ།,
,,934,2,《པེ་》《སྣར་》,བྱེ་བ་དེ།,
,,935,3,《པེ་》《སྣར་》,བྱེ་བ་དེ།,
,,936,4,《པེ་》《སྣར་》,བྱེ་བ་དེ།,
,,937,5,《པེ་》《སྣར་》,mདེ།,
,,938,6,《པེ་》《སྣར་》,དེ།,
,,939,7,《པེ་》《སྣར་》,mདེ།,
,,940,8,《པེ་》《སྣར་》,དེ།,
,,941,9,《པེ་》《སྣར་》,mདེ།,
,,942,10,《པེ་》《སྣར་》,དེ།,
,,943,11,《པེ་》《སྣར་》,pདང་།,
,,944,12,《སྣར་》,pདང་།,
,,945,13,《པེ་》《སྣར་》,mཀུན་ནས།,
,,946,14,《པེ་》《སྣར་》,mཕྱིར།,
,918,947,1,《པེ་》《སྣར་》,mདེ།,
,,948,2,《པེ་》《སྣར་》,པ།,
,,949,3,《པེ་》《སྣར་》,pཡང་།,
,,950,4,《པེ་》《སྣར་》,དཔས།,
,,951,5,《པེ་》《སྣར་》,mདམ་པ། pདམ་པ།,
,,952,6,《པེ་》《སྣར་》,ཐོབ།,
,,953,7,《པེ་》《སྣར་》,བྱ་འོ།།,
,,954,8,《པེ་》《སྣར་》,mབ།,
,919,955,1,《པེ་》《སྣར་》,mདང་།,
,920,956,1,《སྣར་》,ཀྱིས།,
,,957,2,《སྣར་》,བསམ།,
,,958,3,《སྣར་》,བསྒོམ།,
,,959,4,《པེ་》《སྣར་》,mལ།,
,,960,5,《པེ་》《སྣར་》,mདང།,
,921,961,1,《པེ་》《སྣར་》,གྱི། །,
,,962,2,《པེ་》《སྣར་》,ལ།,
,,963,3,《པེ་》《སྣར་》,mཡང་།,
,,964,4,《པེ་》《སྣར་》,བ།,
,,965,5,《པེ་》《སྣར་》,ལོ།,
,,966,6,《པེ་》《སྣར་》,mཀྱང་།,
,922,967,1,《པེ་》《སྣར་》,mཀྱི།,
,,968,2,《པེ་》《སྣར་》,སོར།,
,,969,3,《པེ་》《སྣར་》,སོར།,
,,970,4,《པེ་》《སྣར་》,པ།,
,,971,5,《པེ་》《སྣར་》,འཚེའུ།,
,,972,6,《པེ་》《སྣར་》,mགང་།,
,,973,7,《པེ་》《སྣར་》,ཀྱིས།,
,,974,8,《པེ་》《སྣར་》,བརྟག,
,,975,9,《པེ་》《སྣར་》,mཔ།,
,,976,10,《པེ་》《སྣར་》,པ།,
,923,977,1,《པེ་》《སྣར་》,དག་ལགས་ལ།,
,,978,2,《པེ་》《སྣར་》,mལ།,
,,979,3,《པེ་》《སྣར་》,སོར།,
,,980,4,《པེ་》《སྣར་》,པ་ན།,
,,981,5,《སྣར་》,བལྟ།,
,,982,6,《པེ་》《སྣར་》,ཀྱིས།,
,,983,7,《པེ་》《སྣར་》,སོར།,
,,984,8,《པེ་》《སྣར་》,mལ།,
,,985,9,《པེ་》《སྣར་》,mཀྱི།,
,924,986,1,《པེ་》《སྣར་》,སོར།,
,,987,2,《པེ་》《སྣར་》,mལ།,
,,988,3,《པེ་》《སྣར་》,སོར།,
,,989,4,《པེ་》《སྣར་》,mདག,
,,990,5,《པེ་》《སྣར་》,mརྣམ་པར།,
,,991,6,《སྣར་》,ནས།,
,925,992,1,《པེ་》《སྣར་》,pསྟོང་པ་ཉིད་ཀྱི།,
,926,993,1,《པེ་》《སྣར་》,mདག,
,,994,2,《སྣར་》,བྱམ།,
,927,995,1,《སྣར་》,ཆོམ།,
,,996,2,《པེ་》《སྣར་》,ཡོངས།,
,,997,3,《པེ་》《སྣར་》,པ་རྣམ་པས།,
,,998,4,《པེ་》《སྣར་》,བས་སོ།,
,,999,5,《པེ་》《སྣར་》,mཉོན་མོངས་པ་དང་།,
,,1000,6,《པེ་》《སྣར་》,དེ་ནི།,
,928,1001,1,《པེ་》《སྣར་》,mགི།,
,,1002,2,《པེ་》《སྣར་》,mནི།,
,,1003,3,《སྣར་》,pམི།,
,,1004,4,《པེ་》《སྣར་》,སྩོལ།,
,,1005,5,《པེ་》《སྣར་》,mནི།,
,929,1006,1,《པེ་》《སྣར་》,pརྫོགས་པར།,
,,1007,2,《པེ་》《སྣར་》,mབ།,
,,1008,3,《པེ་》《སྣར་》,mདང་།,
,930,1009,1,《པེ་》《སྣར་》,mལན།,
,,1010,2,《པེ་》《སྣར་》,འབྱུང་།,
,931,1011,1,《པེ་》《སྣར་》,mས།,
,,1012,2,《པེ་》《སྣར་》,སྒྲུབ།,
,,1013,3,《པེ་》《སྣར་》,སྒྲུབ།,
,,1014,4,《པེ་》《སྣར་》,སྒྲུབ།,
,,1015,5,《པེ་》《སྣར་》,སྟེ།,
,,1016,6,《པེ་》《སྣར་》,pམི་རིགས་པའི།,
,,1017,7,《པེ་》《སྣར་》,པའི།,
,,1018,8,《པེ་》《སྣར་》,mདང་།,
,,1019,9,《པེ་》《སྣར་》,པར།,
,932,1020,1,《སྣར་》,པའོ།།,
,,1021,2,《པེ་》《སྣར་》,pཔ།,
,,1022,3,《པེ་》《སྣར་》,pདུ།,
,933,1023,1,《པེ་》《སྣར་》,pབཞིན།,
,,1024,2,《པེ་》《སྣར་》,པར།,
,,1025,3,《པེ་》《སྣར་》,mའགྲིབ་ཅིང་འབྲི་བར་གྱུར་པ་ན།,
,,1026,4,《པེ་》《སྣར་》,mགང་།,
,,1027,5,《པེ་》《སྣར་》,mདེ།,
,,1028,6,《པེ་》《སྣར་》,འགག་སྟེ།,
,,1029,7,《པེ་》《སྣར་》,འགག,
,,1030,8,《པེ་》《སྣར་》,mནི།,
,,1031,9,《པེ་》《སྣར་》,mངན་ལེན།,
,,1032,10,《པེ་》《སྣར་》,mངན་ལེན།,
,934,1033,1,《པེ་》《སྣར་》,བལྟོས།,
,,1034,2,《པེ་》《སྣར་》,པོ།,
,,1035,3,《པེ་》《སྣར་》,ཡི།,
,,1036,4,《པེ་》《སྣར་》,གཉིས།,
,,1037,5,《པེ་》《སྣར་》,ཀྱིས།,
,,1038,6,《པེ་》《སྣར་》,mཏེ།,
,,1039,7,《པེ་》《སྣར་》,ལ།,
,,1040,8,《པེ་》《སྣར་》,པ།,
,935,1041,1,《པེ་》《སྣར་》,བར།,
,,1042,2,《པེ་》《སྣར་》,གཅེས།,
,,1043,3,《པེ་》《སྣར་》,ལགས།,
,,1044,4,《པེ་》《སྣར་》,རྟོག,
,,1045,5,《པེ་》《སྣར་》,འབོག,
,,1046,6,《པེ་》《སྣར་》,རྩོད།,
,,1047,7,《པེ་》《སྣར་》,སྤོངས།,
,,1048,8,《པེ་》《སྣར་》,mཡིན་ཏེ། འདི་ནི་རྣམ་འབྱོར་ངེས་པའི་དོན་བསྟན་པ།,
,936,1049,1,《པེ་》《སྣར་》,mབ།,
,,1050,2,《སྣར་》,ཀྱིས།,
,,1051,3,《པེ་》《སྣར་》,mཔ།,
,,1052,4,《པེ་》《སྣར་》,གཟུང་།,
,937,1053,1,《པེ་》《སྣར་》,པས།,
,,1054,2,《པེ་》《སྣར་》,mདེ།,
,,1055,3,《པེ་》《སྣར་》,mསྤྱད་པ།,
,,1056,4,《པེ་》,mདཔའི།,《སྣར་》,དཔའ།
,,1057,5,《པེ་》《སྣར་》,པར།,
,,1058,6,《སྣར་》,དེ། mདེ།,
,,1059,7,《སྣར་》,དེ། mདེ།,
,,1060,8,《པེ་》《སྣར་》,དེ།,
,,1061,9,《སྣར་》,mཡོངས་སུ།,
,,1062,10,《པེ་》《སྣར་》,དེ།,
,938,1063,1,《པེ་》《སྣར་》,སྒོམ།,
,,1064,2,《པེ་》《སྣར་》,སྐྱོ།,
,,1065,3,《པེ་》《སྣར་》,mལན།,
,,1066,4,《པེ་》《སྣར་》,དེ།,
,,1067,5,《པེ་》《སྣར་》,mདེ།,
,,1068,6,《པེ་》《སྣར་》,mམ།,
,,1069,7,《པེ་》,དེས།,
,,1070,8,《པེ་》《སྣར་》,དེ།,
,,1071,9,《སྣར་》,དེས།,
,,1072,10,《པེ་》《སྣར་》,པར།,
,,1073,11,《པེ་》《སྣར་》,དེ།,
,,1074,12,《པེ་》《སྣར་》,འཐོབ།,
,,1075,13,《པེ་》《སྣར་》,དེ།,
,939,1076,1,《པེ་》《སྣར་》,སོ།,
,,1077,2,《པེ་》《སྣར་》,དེ།,
,,1078,3,《པེ་》《སྣར་》,དེ།,
,,1079,4,《པེ་》《སྣར་》,ཐོབ།,
,,1080,5,《པེ་》《སྣར་》,དེ།,
,,1081,6,《པེ་》《སྣར་》,དེ།,
,,1082,7,《པེ་》《སྣར་》,དེ།,
,,1083,8,《པེ་》《སྣར་》,ནི།,
,,1084,9,《པེ་》《སྣར་》,བསྒོམ།,
,940,1085,1,《པེ་》《སྣར་》,mདུ།,
,,1086,2,《པེ་》《སྣར་》,ཀྱིས།,
,,1087,3,《པེ་》《སྣར་》,mཤིན་ཏུ།,
,,1088,4,《པེ་》《སྣར་》,གྱི།,
,941,1089,1,《པེ་》《སྣར་》,ཆོས་ལ་སྲིད་པ།,
,,1090,2,《པེ་》《སྣར་》,mདེ།,
,,1091,3,《པེ་》《སྣར་》,ལ།,
,942,1092,1,《པེ་》《སྣར་》,mས།,
,,1093,2,《པེ་》《སྣར་》,mདང་།,
,,1094,3,《སྣར་》,ཞིང་།,
,,1095,4,《པེ་》《སྣར་》,mས།,
,,1096,5,《པེ་》《སྣར་》,པའི།,
,,1097,6,《པེ་》《སྣར་》,mས།,
,943,1098,1,《པེ་》《སྣར་》,པ།,
,,1099,2,《པེ་》《སྣར་》,mདང་།,
,,1100,3,《པེ་》《སྣར་》,mཉིད།,
,,1101,4,《པེ་》《སྣར་》,བདེན་པ།,
,944,1102,1,《སྣར་》,ཀྱིས།,
,,1103,2,《པེ་》《སྣར་》,བར།,
,945,1104,1,《པེ་》《སྣར་》,བྱ་སྟེ།,
,,1105,2,《པེ་》,འཕོངས།,《སྣར་》,འཕངས།
,,1106,3,《པེ་》《སྣར་》,འཐོ་འཚམ།,
,,1107,4,《སྣར་》,pནི།,
,,1108,5,《པེ་》《སྣར་》,འཕོངས།,
,,1109,6,《པེ་》《སྣར་》,འཐོ་འཚམ་པ་ལ།,
,,1110,7,《པེ་》《སྣར་》,པ།,
,946,1111,1,《པེ་》《སྣར་》,བསྡུས་པའི།,
,,1112,2,《པེ་》《སྣར་》,གིས།,
,,1113,3,《པེ་》《སྣར་》,སྒོམ།,
,,1114,4,《སྣར་》,པས།,
,,1115,5,《པེ་》《སྣར་》,mཡང་།,
,,1116,6,《པེ་》《སྣར་》,mཡང་།,
,,1117,7,《པེ་》《སྣར་》,བརྟེན།,
,,1118,8,《པེ་》《སྣར་》,mསེམས།,
,947,1119,1,《པེ་》《སྣར་》,སྒྲུབ།,
,,1120,2,《པེ་》《སྣར་》,mངས།,
,,1121,3,《པེ་》《སྣར་》,བསྲུང་།,
,,1122,4,《པེ་》《སྣར་》,རྩོམ།,
,,1123,5,《པེ་》《སྣར་》,mདུ།,
,,1124,6,《པེ་》《སྣར་》,པའི།,
,,1125,7,《པེ་》《སྣར་》,པའི།,
,948,1126,1,《པེ་》《སྣར་》,mནས།,
,,1127,2,《པེ་》《སྣར་》,mདེ་ལ།,
,,1128,3,《པེ་》《སྣར་》,mསྒྲ།,
,,1129,4,《པེ་》《སྣར་》,བསགས།,
,,1130,5,《སྣར་》,སྟོན།,
,949,1131,1,《པེ་》《སྣར་》,mལ།,
,,1132,2,《པེ་》《སྣར་》,mདུ།,
,,1133,3,《པེ་》《སྣར་》,ནམས།,
,,1134,4,《པེ་》《སྣར་》,བར།,
,,1135,5,《པེ་》《སྣར་》,ཕྱེད་པ།,
,,1136,6,《པེ་》《སྣར་》,ཆེར།,
,950,1137,1,《པེ་》《སྣར་》,སྒྲུབ།,
,,1138,2,《པེ་》《སྣར་》,mབྱ།,
,,1139,3,《སྣར་》,ཀྱིས།,
,,1140,4,《པེ་》《སྣར་》,mཉིད།,
,,1141,5,《པེ་》《སྣར་》,སྐྱེ་བར།,
,951,1142,1,《པེ་》《སྣར་》,བྱའི།,
,,1143,2,《པེ་》《སྣར་》,དཔའ།,
,,1144,3,《པེ་》《སྣར་》,བསླངས།,
,,1145,4,《པེ་》《སྣར་》,mརྣམ་པ།,
,,1146,5,《པེ་》《སྣར་》,mལས་ཀྱི།,
,,1147,6,《པེ་》《སྣར་》,པའི།,
,,1148,7,《པེ་》《སྣར་》,བརྡེགས།,
,,1149,8,《པེ་》《སྣར་》,འབྲུ།,
,952,1150,1,《པེ་》《སྣར་》,mརྣམ་པ།,
,,1151,2,《པེ་》《སྣར་》,བསྟོད།,
,,1152,3,《པེ་》《སྣར་》,mཀྱིས།,
,,1153,4,《པེ་》《སྣར་》,mམི་གནས་པའི་ཏིང་ངེ་འཛིན་ལ་བསམ་གཏན་པ་དང་།,
,,1154,5,《སྣར་》,བསྒོམས།,
,,1155,6,《པེ་》《སྣར་》,mཔ།,
,,1156,7,《སྣར་》,གྱི།,
,,1157,8,《པེ་》《སྣར་》,mཉིད།,
,,1158,9,《པེ་》《སྣར་》,mཉིད།,
,953,1159,1,《སྣར་》,ཀྱིས།,
,,1160,2,《སྣར་》,བསྒྲུབ།,
,,1161,3,《པེ་》《སྣར་》,ལྔས།,
,,1162,4,《པེ་》《སྣར་》,དག་གིས།,
,954,1163,1,《པེ་》《སྣར་》,ཡིན་ནོ།,
,,1164,2,《པེ་》《སྣར་》,བརྟག,
,,1165,3,《པེ་》《སྣར་》,མ་ཉམས།,
,,1166,4,《པེ་》《སྣར་》,mཉིད།,
,,1167,5,《པེ་》《སྣར་》,mརྣམས།,
,,1168,6,《པེ་》《སྣར་》,པ་བས།,
,955,1169,1,《པེ་》《སྣར་》,འཁྲུག,
,,1170,2,《པེ་》《སྣར་》,mཀྱི།,
,,1171,3,《པེ་》《སྣར་》,རྒྱུན་ཟད།,
,,1172,4,《པེ་》《སྣར་》,གནས།,
,,1173,5,《པེ་》《སྣར་》,mཆུ།,
,956,1174,1,《པེ་》《སྣར་》,mཔ།,
,,1175,2,《པེ་》《སྣར་》,པ།,
,,1176,3,《པེ་》《སྣར་》,དེ།,
,,1177,4,《སྣར་》,pནི།,
,957,1178,1,《པེ་》《སྣར་》,པས།,
,,1179,2,《པེ་》《སྣར་》,mདེ་ལ།,
,,1180,3,《པེ་》《སྣར་》,mཡང་།,
,,1181,4,《པེ་》《སྣར་》,དེས།,
,,1182,5,《པེ་》《སྣར་》,mས།,
,,1183,6,《པེ་》《སྣར་》,mརྣམ་པ།,
,,1184,7,《པེ་》《སྣར་》,pདབང་།,
,,1185,8,《པེ་》《སྣར་》,ན།,
,,1186,9,《པེ་》《སྣར་》,དེ་ལ།,
,,1187,10,《པེ་》《སྣར་》,mགྲོགས།,
,958,1188,1,《པེ་》《སྣར་》,mགནས།,
,,1189,2,《པེ་》《སྣར་》,pས།,
,,1190,3,《པེ་》《སྣར་》,mན།,
,,1191,4,《སྣར་》,སྐྱེད།,
,959,1192,1,《པེ་》《སྣར་》,པོ།,
,,1193,2,《པེ་》《སྣར་》,mདེ་དག,
,,1194,3,《པེ་》《སྣར་》,བཞི།,
,,1195,4,《པེ་》《སྣར་》,སྐུར་པ་གདབ།,
,960,1196,1,《སྣར་》,འདིས།,
,,1197,2,《པེ་》《སྣར་》,mཆོས།,
,,1198,3,《པེ་》《སྣར་》,བར།,
,961,1199,1,《པེ་》,ཀྱིས།,
,,1200,2,《པེ་》《སྣར་》,mཡིན་ཏེ་འཇམ་དཔལ་རྣམ་པར་གྲོལ་བའི་ལུས།,
,,1201,3,《པེ་》《སྣར་》,བླ།,
,962,1202,1,《པེ་》《སྣར་》,གྱིས་བརླབས།,
,,1203,2,《པེ་》《སྣར་》,རྗོད།,
,,1204,3,《པེ་》《སྣར་》,བའི་ནས།,
,,1205,4,《པེ་》《སྣར་》,དེ།,
,963,1206,1,《པེ་》《སྣར་》,འདའ་བའི།,
,,1207,2,《སྣར་》,བསྒྲུབ།,
,,1208,3,《པེ་》,ཀྱི་ས།,《སྣར་》,ཀྱིས།
,,1209,4,《པེ་》《སྣར་》,བསྒོམ།,
,,1210,5,《པེ་》《སྣར་》,mམི།,
,,1211,6,《པེ་》《སྣར་》,mམི།,
,,1212,7,《པེ་》《སྣར་》,pདེ་ལས་རྣམ་པར་མི་གཡེང་བའི་གནས་ཀྱི་དངོས་པོ་དང་།,
,,1213,8,《སྣར་》,གསལ།,
,,1214,9,《པེ་》《སྣར་》,པ་ལ།,
,,1215,10,《པེ་》《སྣར་》,འཐོབ།,
,,1216,11,《པེ་》《སྣར་》,སྒོམ།,
,964,1217,1,《པེ་》《སྣར་》,ཉམ།,
,,1218,2,《པེ་》《སྣར་》,སྒོམ།,
,,1219,3,《པེ་》《སྣར་》,ཉམ།,
,,1220,4,《པེ་》《སྣར་》,mདུ།,
,,1221,5,《པེ་》《སྣར་》,བླང་བའི།,
,,1222,6,《པེ་》《སྣར་》,མོ།,
,,1223,7,《པེ་》《སྣར་》,mཆོས་ཀྱི།,
,965,1224,1,《པེ་》《སྣར་》,པས།,
,,1225,2,《པེ་》《སྣར་》,བརྟག,
,,1226,3,《པེ་》《སྣར་》,བརྟག་པ།,
,,1227,4,《པེ་》《སྣར་》,རིག,
,,1228,5,《སྣར་》,ཀྱིས།,
,,1229,6,《པེ་》《སྣར་》,པའི།,
,,1230,7,《པེ་》《སྣར་》,mལྟོས་པའི་རིགས་པ་དང་།,
,966,1231,1,《པེ་》《སྣར་》,རིག,
,,1232,2,《པེ་》《སྣར་》,mདག,
,,1233,3,《པེ་》《སྣར་》,པར།,
,,1234,4,《པེ་》《སྣར་》,དམ་བཅས།,
,,1235,5,《པེ་》《སྣར་》,བསྒྲུབ།,
,,1236,6,《པེ་》《སྣར་》,mལ།,
,,1237,7,《པེ་》《སྣར་》,བབ།,
,967,1238,1,《པེ་》《སྣར་》,mསེམས་ཅན་སྣ་ཚོགས་……ཡིན་པ་དང་།,
,,1239,2,《པེ་》《སྣར་》,mདེ་ལྟར།,
,,1240,3,《པེ་》《སྣར་》,བབ།,
,,1241,4,《པེ་》《སྣར་》,pཔ་སེམས་ཅན་སྣ་ཚོགས་ལས་སྣ་ཚོགས་ལ་གནས་པ་མངོན་སུམ་དུ་དམིགས་པ་གང་ཡིན་པ་དང་། སེམས་ཅན་བདེ་བ་དང་སྡུག་བསྔལ་བ་ལས་དགེ་བ་དང་མི་དགེ་བ་ལ་གནས་པ་མངོན་སུམ་དུ་དམིགས་པ།,
,,1242,5,《པེ་》《སྣར་》,བབ།,
,,1243,6,《པེ་》《སྣར་》,གིས།,
,,1244,7,《པེ་》《སྣར་》,བརྟག,
,968,1245,1,《པེ་》《སྣར་》,ལྔ་སྟེ།,
,,1246,2,《པེ་》《སྣར་》,སྒྲུབ།,
,,1247,3,《པེ་》《སྣར་》,གི།,
,,1248,4,《པེ་》《སྣར་》,mཔ།,
,,1249,5,《པེ་》《སྣར་》,mརྣམ་པར་ཤེས་པས།,
,969,1250,1,《པེ་》《སྣར་》,mདཔེ།,
,,1251,2,《པེ་》《སྣར་》,mཉིད།,
,970,1252,1,《པེ་》《སྣར་》,སོར།,
,,1253,2,《པེ་》《སྣར་》,ཀྱིས།,
,,1254,3,《པེ་》《སྣར་》,གི།,
,,1255,4,《པེ་》《སྣར་》,མ།,
,971,1256,1,《པེ་》《སྣར་》,mདག,
,,1257,2,《པེ་》《སྣར་》,mདག,
,,1258,3,《པེ་》《སྣར་》,mརྣམས།,
,972,1259,1,《པེ་》《སྣར་》,དོ།,
,,1260,2,《པེ་》《སྣར་》,འདུ།,
,,1261,3,《པེ་》《སྣར་》,mཕྱིར།,
,,1262,4,《པེ་》《སྣར་》,གི།,
,973,1263,1,《པེ་》《སྣར་》,mཔའང་མ་ཡིན་སེམས་མེད།,
,,1264,2,《པེ་》《སྣར་》,mརྒྱན།,
,,1265,3,《སྣར་》,གདུལ།,
,,1266,4,《སྣར་》,གདུལ།,
,,1267,5,《སྣར་》,ལས།,
,,1268,6,《སྣར་》,འདས།,
,,1269,7,《པེ་》《སྣར་》,མི།,
,,1270,8,《སྣར་》,རོ།།,
,,1271,9,《པེ་》《སྣར་》,ལྟ།,
,974,1272,1,《པེ་》《སྣར་》,པས་བྱིན་གྱིས་བརླབས་པ།,
,,1273,2,《པེ་》《སྣར་》,mརྣམས།,
,,1274,3,《པེ་》《སྣར་》,mབ།,
,,1275,4,《པེ་》《སྣར་》,mཀྱི།,
,,1276,5,《པེ་》《སྣར་》,བརླབས།,
,975,1277,1,《པེ་》《སྣར་》,mཔའི།,
,,1278,2,《པེ་》《སྣར་》,མི།,
,,1279,3,《པེ་》《སྣར་》,mགཟུགས་ན་སྤྱོད་……ཐམས་ཅད་དང་།,
,,1280,4,《པེ་》《སྣར་》,པ།,
,,1281,5,《པེ་》《སྣར་》,གྱིས་བརླབས།,
,,1282,6,《པེ་》《སྣར་》,བརླབས།,
,976,1283,1,《སྣར་》,བཟུང་།,
,,1284,2,《པེ་》《སྣར་》,mནི།,
,,1285,3,《སྣར་》,པས།,
,977,1286,1,《སྣར་》,mབརྗོད་པར།,
,,1287,2,《པེ་》《སྣར་》,ཡང་།,
,,1288,3,《སྣར་》,ནི།,
,,1289,4,《པེ་》《སྣར་》,བོ།,
,,1290,5,《པེ་》《སྣར་》,ནི།,
,978,1291,1,《པེ་》《སྣར་》,དག་པ།,
,,1292,2,《པེ་》《སྣར་》,ཀྱི།,
,,1293,3,《པེ་》《སྣར་》,ཀྱི།,
,,1294,4,《པེ་》《སྣར་》,ཀྱི།,
,,1295,5,《པེ་》《སྣར་》,དག་པ།,
,,1296,6,《པེ་》《སྣར་》,mཅན།,
,,1297,7,《པེ་》《སྣར་》,བསྔོ།,
,,1298,8,《པེ་》《སྣར་》,དོ།།,
,,1299,9,《པེ་》《སྣར་》,གང་།,
,,1300,10,《པེ་》《སྣར་》,ལ།,
,,1301,11,《པེ་》《སྣར་》,mཉིད།,
,979,1302,1,《སྣར་》,རྟོག,
,,1303,2,《སྣར་》,རྟེན།,
,,1304,3,《པེ་》《སྣར་》,གྱི།,
,,1305,4,《སྣར་》,སྤྱད།,
,,1306,5,《པེ་》《སྣར་》,pལ།,
,980,1307,1,《པེ་》《སྣར་》,mརྣམས།,
,,1308,2,《པེ་》《སྣར་》,mཆེན་པོ།,
,,1309,3,《པེ་》《སྣར་》,mདེ།,
,,1310,4,《སྣར་》,mདང་།,
,981,1311,1,《པེ་》《སྣར་》,སྲེད།,
,,1312,2,《པེ་》《སྣར་》,ལ།,
,,1313,3,《པེ་》《སྣར་》,mཀྱི།,
,,1314,4,《པེ་》《སྣར་》,པར།,
,982,1315,1,《པེ་》《སྣར་》,སྲེག,
,,1316,2,《པེ་》《སྣར་》,པ།,
,983,1317,1,《པེ་》《སྣར་》,mཔ་ཡིན།,
,,1318,2,《པེ་》《སྣར་》,ཀྱིས།,
,,1319,3,《པེ་》《སྣར་》,mཡང་།,
,,1320,4,《པེ་》《སྣར་》,གི།,
,,1321,5,《སྣར་》,mཡིན།,
,984,1322,1,《པེ་》《སྣར་》,mདེ་དག,
,,1323,2,《པེ་》《སྣར་》,mམཐུ་གང་བརྗོད་པའི།,
,,1324,3,《པེ་》《སྣར་》,ཀྱི།,
,985,1325,1,《སྣར་》,པར།,
,,1326,2,《པེ་》《སྣར་》,སྐྱོད།,
,986,1327,1,《པེ་》《སྣར་》,པའི།,
,,1328,2,《པེ་》《སྣར་》,དྲུས་མ།,
,,1329,3,《སྣར་》,སྟུགས།,
,,1330,4,《པེ་》《སྣར་》,བརྫི།,
,,1331,5,《པེ་》《སྣར་》,བརྫི།,
,,1332,6,《པེ་》《སྣར་》,mཔ།,
,,1333,7,《པེ་》《སྣར་》,mཡང་དགོན་པ།,
,987,1334,1,《པེ་》《སྣར་》,ལས།,
,,1335,2,《པེ་》《སྣར་》,རྒོད།,
,,1336,3,《པེ་》《སྣར་》,རྗེད།,
,,1337,4,《པེ་》《སྣར་》,བཞུགས།,
,,1338,5,《སྣར་》,བརྟག,
,,1339,6,《པེ་》《སྣར་》,mཀྱང་།,
,,1340,7,《པེ་》《སྣར་》,mདང་།,
,988,1341,1,《པེ་》《སྣར་》,pཉིད།,
,,1342,2,《པེ་》《སྣར་》,mདེའི།,
,,1343,3,《པེ་》《སྣར་》,mབ།,
,,1344,4,《པེ་》《སྣར་》,བལྟོས།,
,989,1345,1,《པེ་》《སྣར་》,སྒྲུབ།,
,,1346,2,《པེ་》《སྣར་》,པར།,
,,1347,3,《པེ་》《སྣར་》,mགྱི།,
,,1348,4,《པེ་》《སྣར་》,mདེ་བཞིན་གཤེགས་པའི་འདུལ་བ་ཡང་རིག་པར་བྱ།,
,,1349,5,《པེ་》《སྣར་》,གདུལ།,
,,1350,6,《པེ་》《སྣར་》,བྱ།,
,990,1351,1,《པེ་》《སྣར་》,བརྗེད།,
,,1352,2,《པེ་》《སྣར་》,རྟོགས།,
,991,1353,1,《པེ་》,རྟེན་ནས།,《སྣར་》,རྟེན་ན།
,,1354,2,《པེ་》《སྣར་》,གྱིས།,
,,1355,3,《པེ་》《སྣར་》,mམི།,
,,1356,4,《པེ་》《སྣར་》,གི།,
,,1357,5,《སྣར་》,རྟོག,
,,1358,6,《པེ་》《སྣར་》,པར།,
,,1359,7,《པེ་》《སྣར་》,ཉེས་པར།,
,,1360,8,《པེ་》《སྣར་》,mཀྱང་།,
,992,1361,1,《པེ་》《སྣར་》,ཀྱིས།,
,,1362,2,《པེ་》《སྣར་》,ཕྱེ།,
,,1363,3,《པེ་》《སྣར་》,mརྣམ་པར།,
,,1364,4,《པེ་》《སྣར་》,བསྒྲན།,
,993,1365,1,《པེ་》《སྣར་》,དཔའི།,
,,1366,2,《པེ་》《སྣར་》,mམ་ཡིན་པ།,
,,1367,3,《པེ་》《སྣར་》,འགྱུར།,
,,1368,4,《སྣར་》,བདག,
,,1369,5,《པེ་》,འཐོ་འཚམ་པ།,《སྣར་》,ཐོ་མཚམ་པ།
,,1370,6,《པེ་》《སྣར་》,བཞིས་ཏེ།,
,994,1371,1,《སྣར་》,pཔ།,
,,1372,2,《པེ་》《སྣར་》,འགྲན།,
,,1373,3,《པེ་》《སྣར་》,འཚལ།,
,,1374,4,《པེ་》《སྣར་》,mཐེག་པ།,
,,1375,5,《པེ་》《སྣར་》,ལས་ཀྱི་མཐའ།,
,,1376,6,《སྣར་》,འབྱུང་།,
,,1377,7,《པེ་》《སྣར་》,mསེམས་ཅན་ཀྱི་དོན་གྱི་སྦྱོར་བ་ཡོངས་སུ་ཉམས་པ་དང་།,
,995,1378,1,《པེ་》《སྣར་》,mལ།,
,,1379,2,《པེ་》《སྣར་》,pབ།,
,,1380,3,《པེ་》《སྣར་》,ལས།,
,,1381,4,《སྣར་》,mལ།,
,,1382,5,《པེ་》《སྣར་》,mདེ།,
,,1383,6,《པེ་》《སྣར་》,pཔ།,
,,1384,7,《པེ་》《སྣར་》,mལོངས།,
,,1385,8,《པེ་》,བསྒྲུབས་པ།,《སྣར་》,བསྒྲུབ་པ།
,996,1386,1,《པེ་》《སྣར་》,བ།,
,,1387,2,《པེ་》《སྣར་》,པ།,
,,1388,3,《པེ་》《སྣར་》,བཞིས།,
,,1389,4,《པེ་》《སྣར་》,སྨྲ།,
,,1390,5,《པེ་》《སྣར་》,mཡང་།,
,997,1391,1,《པེ་》《སྣར་》,པ།,
,,1392,2,《པེ་》《སྣར་》,པའི།,
,,1393,3,《པེ་》《སྣར་》,མི་སྨན།,
,,1394,4,《པེ་》《སྣར་》,གཟུང་།,
,,1395,5,《པེ་》《སྣར་》,འཐོབ།,
,,1396,6,《པེ་》《སྣར་》,pསུ།,
,,1397,7,《སྣར་》,pལ།,
,998,1398,1,《པེ་》《སྣར་》,ཡིན།,
,,1399,2,《པེ་》《སྣར་》,བསླབས་པ་ལས།,
,,1400,3,《སྣར་》,པས།,
,,1401,4,《པེ་》《སྣར་》,mལ།,
,,1402,5,《པེ་》,ཀྱི།,
,999,1403,1,《སྣར་》,སྒྲུབ།,
,1000,1404,1,《པེ་》《སྣར་》,mཔ།,
,,1405,2,《སྣར་》,དང་།,
,1001,1406,1,《པེ་》《སྣར་》,mཔ།,
,,1407,2,《པེ་》《སྣར་》,mཀྱི་དོན་རྣམ་པ་ཐམས་ཅད།,
,,1408,3,《པེ་》《སྣར་》,སྒྲུབ།,
,,1409,4,《པེ་》《སྣར་》,གི།,
,1002,1410,1,《པེ་》《སྣར་》,བསྒོམས།,
,,1411,2,《པེ་》《སྣར་》,ཀྱི།,
,,1412,3,《པེ་》《སྣར་》,ཉིད།,
,,1413,4,《སྣར་》,པས།,
,,1414,5,《པེ་》《སྣར་》,mཔ།,
,,1415,6,《པེ་》《སྣར་》,ལྟ་བུར།,
,,1416,7,《པེ་》《སྣར་》,འཐོབ།,
,,1417,8,《པེ་》《སྣར་》,པས།,
,1003,1418,1,《པེ་》《སྣར་》,ལས།,
,,1419,2,《པེ་》《སྣར་》,སྦྱོར་ཏེ།,
,,1420,3,《པེ་》《སྣར་》,mཉིད།,
,,1421,4,《པེ་》《སྣར་》,mཉིད།,
,,1422,5,《པེ་》《སྣར་》,ལེན།,
,,1423,6,《པེ་》《སྣར་》,mམ།,
,1004,1424,1,《པེ་》《སྣར་》,དེ།,
,,1425,2,《སྣར་》,རྟེན།,
,,1426,3,《སྣར་》,རྟེན།,
,,1427,4,《པེ་》《སྣར་》,mཡིད་ལ་བྱེད་པ།,
,,1428,5,《པེ་》《སྣར་》,འཐུ་བསྒོམས།,
,,1429,6,《པེ་》《སྣར་》,mམི།,
,,1430,7,《སྣར་》,པར།,
,,1431,8,《པེ་》《སྣར་》,བསྡུད།,
,1005,1432,1,《པེ་》《སྣར་》,གཟུང་།,
,,1433,2,《པེ་》《སྣར་》,པར།,
,,1434,3,《སྣར་》,ལས།,
,,1435,4,《པེ་》《སྣར་》,ཀྱིས།,
,,1436,5,《པེ་》,སྐྱེད་པའི་ཕྱིར།,《སྣར་》,སྐྱེད་པའི།
,,1437,6,《པེ་》《སྣར་》,བརླན།,
,,1438,7,《པེ་》《སྣར་》,ཆུ།,
,,1439,8,《པེ་》《སྣར་》,སྨིན།,
,,1440,9,《པེ་》《སྣར་》,ལྟར།,
,,1441,10,《སྣར་》,མོད་ཀྱི།,
,1006,1442,1,《སྣར་》,mཔའི།,
,,1443,2,《པེ་》《སྣར་》,པདྨོ།,
,1007,1444,1,《པེ་》《སྣར་》,mདུ།,
,,1445,2,《པེ་》《སྣར་》,mབ།,
,,1446,3,《པེ་》《སྣར་》,ཀརྵ།,
,1008,1447,1,《པེ་》《སྣར་》,མི།,
,,1448,2,《སྣར་》,mདེ།,
,,1449,3,《པེ་》《སྣར་》,ཏོ།།,
,,1450,4,《པེ་》《སྣར་》,དེ།,
,,1451,5,《པེ་》《སྣར་》,pབ།,
,1009,1452,1,《པེ་》《སྣར་》,mཏུ།,
,,1453,2,《པེ་》《སྣར་》,mགི།,
,1010,1454,1,《པེ་》,ཀྱི་ཏེ།,《སྣར་》,ཀྱི་སྟེ།
,,1455,2,《པེ་》《སྣར་》,pམི།,
,1011,1456,1,《པེ་》《སྣར་》,བརྗོད།,
,,1457,2,《པེ་》《སྣར་》,mནི།,
,,1458,3,《པེ་》《སྣར་》,mདུ།,
,1012,1459,1,《པེ་》《སྣར་》,mམི།,
,,1460,2,《པེ་》《སྣར་》,པའོ།,
,,1461,3,《པེ་》《སྣར་》,བྱའོ།།,
,,1462,4,《པེ་》《སྣར་》,དཔས།,
,,1463,5,《པེ་》《སྣར་》,སྤོང་བ།,
,1013,1464,1,《པེ་》《སྣར་》,mདུ།,
,,1465,2,《སྣར་》,བཟུང་།,
,,1466,3,《པེ་》《སྣར་》,དམན།,
,,1467,4,《པེ་》《སྣར་》,mདམན་པ་བས།,
,1014,1468,1,《པེ་》《སྣར་》,མེད།,
,,1469,2,《པེ་》《སྣར་》,mམི།,
,,1470,3,《སྣར་》,བཟུང་།,
,1015,1471,1,《པེ་》《སྣར་》,ཀྱིས།,
,,1472,2,《པེ་》《སྣར་》,འགྱུར་བའི།,
,,1473,3,《པེ་》《སྣར་》,mཡང་།,
,,1474,4,《པེ་》《སྣར་》,བསྐུལ།,
,,1475,5,《པེ་》《སྣར་》,mཡང་།,
,,1476,6,《སྣར་》,mདེ།,
,,1477,7,《པེ་》《སྣར་》,བསྒྲུབ།,
,1016,1478,1,《སྣར་》,ལས།,
,,1479,2,《པེ་》《སྣར་》,mརྟོགས་པ།,
,,1480,3,《པེ་》《སྣར་》,བུལ།,
,,1481,4,《པེ་》《སྣར་》,mལ།,
,1018,1482,1,《པེ་》《སྣར་》,དཔའ།,
,,1483,2,《པེ་》《སྣར་》,pམ།,
,,1484,3,《པེ་》《སྣར་》,pཀྱིས།,
,,1485,4,《པེ་》《སྣར་》,mན།,
,1019,1486,1,《པེ་》《སྣར་》,mགཞན་དུ།,
,,1487,2,《པེ་》《སྣར་》,ལ།,
,,1488,3,《པེ་》《སྣར་》,བརྩལ།,
,,1489,4,《པེ་》《སྣར་》,བསྟད།,
,1020,1490,1,《པེ་》《སྣར་》,བསྟད།,
,,1491,2,《པེ་》《སྣར་》,གཟུང་།,
,,1492,3,《པེ་》《སྣར་》,བཞི་པོ།,
,1021,1493,1,《པེ་》《སྣར་》,mམི།,
,,1494,2,《པེ་》《སྣར་》,གྲུབ།,
,,1495,3,《པེ་》《སྣར་》,mབག,
,,1496,4,《པེ་》《སྣར་》,བསྐུར།,
,,1497,5,《པེ་》《སྣར་》,དགའ།,
,,1498,6,《པེ་》《སྣར་》,དགའ།,
,,1499,7,《པེ་》《སྣར་》,ལས་ཏེ།,
,1022,1500,1,《པེ་》《སྣར་》,སྒྲུབ།,
,,1501,2,《པེ་》《སྣར་》,ལས།,
,,1502,3,《པེ་》《སྣར་》,mལ།,
,,1503,4,《པེ་》《སྣར་》,རྟོག,
,1023,1504,1,《པེ་》《སྣར་》,pཔ།,
,,1505,2,《པེ་》《སྣར་》,རྒྱུ།,
,,1506,3,《པེ་》《སྣར་》,ཀྱི།,
,,1507,4,《སྣར་》,mཔ།,
,1024,1508,1,《སྣར་》,གནས།,
,,1509,2,《སྣར་》,འཇིགས།,
,,1510,3,《པེ་》《སྣར་》,བའི།,
,,1511,4,《པེ་》《སྣར་》,མ།,
,,1512,5,《པེ་》《སྣར་》,mམི།,
,1025,1513,1,《པེ་》《སྣར་》,བསལ།,
,,1514,2,《པེ་》《སྣར་》,བསལ།,
,,1515,3,《པེ་》《སྣར་》,བསླང་བའི།,
,,1516,4,《པེ་》《སྣར་》,མ།,
,,1517,5,《སྣར་》,འཇིགས།,
,,1518,6,《པེ་》《སྣར་》,རྟོག,
,1026,1519,1,《པེ་》《སྣར་》,ངོ་།,
,,1520,2,《པེ་》《སྣར་》,mདང་།,
,,1521,3,《པེ་》《སྣར་》,mཔ།,
,,1522,4,《པེ་》《སྣར་》,mཔ།,
,,1523,5,《པེ་》《སྣར་》,mཔ།,
,,1524,6,《པེ་》《སྣར་》,mདེ།,
,,1525,7,《པེ་》《སྣར་》,བཞིས།,
,,1526,8,《སྣར་》,གྱིས།,
,,1527,9,《པེ་》《སྣར་》,mམི།,
,1027,1528,1,《པེ་》《སྣར་》,mདུ།,
,,1529,2,《པེ་》《སྣར་》,pལ།,
,,1530,3,《སྣར་》,བསླབ།,
,,1531,4,《སྣར་》,འཇིགས།,
,,1532,5,《པེ་》《སྣར་》,བསླང་བ།,
,,1533,6,《སྣར་》,pདག,
,1028,1534,1,《པེ་》《སྣར་》,བསལ།,
,,1535,2,《པེ་》《སྣར་》,བསལ།,
,,1536,3,《པེ་》《སྣར་》,mཉིད།,
,,1537,4,《པེ་》《སྣར་》,mབ།,
,,1538,5,《པེ་》《སྣར་》,pལ།,
,1029,1539,1,《པེ་》《སྣར་》,mཔ།,
,,1540,2,《པེ་》《སྣར་》,mམེད།,
,,1541,3,《སྣར་》,འདུལ།,
,,1542,4,《པེ་》《སྣར་》,pབསྟན།,
,,1543,5,《པེ་》《སྣར་》,པ།,
,1030,1544,1,《པེ་》《སྣར་》,mལ།,
,,1545,2,《པེ་》《སྣར་》,pདེ།,
,,1546,3,《པེ་》《སྣར་》,pདུ།,
,,1547,4,《པེ་》《སྣར་》,པོར།,
,,1548,5,《པེ་》《སྣར་》,mཡང་།,
,1031,1549,1,《པེ་》《སྣར་》,mཀྱིས།,
,,1550,2,《པེ་》《སྣར་》,པོ།,
,,1551,3,《སྣར་》,པོ།,
,,1552,4,《པེ་》《སྣར་》,བྱིན།,
,1032,1553,1,《པེ་》《སྣར་》,mཆེན་པོ།,
,,1554,2,《པེ་》《སྣར་》,འགྲུབ།,
,,1555,3,《པེ་》《སྣར་》,ལུས།,
,,1556,4,《པེ་》《སྣར་》,འགྲུབ།,
,,1557,5,《སྣར་》,བརྟན།,
,,1558,6,《པེ་》《སྣར་》,འགྲུབ།,
,,1559,7,《པེ་》《སྣར་》,ཆེན་པོ་དང་རྒྱ་ཆུང་ངུ་།,
,,1560,8,《པེ་》《སྣར་》,པ།,
,,1561,9,《པེ་》《སྣར་》,mམི།,
,1033,1562,1,《པེ་》《སྣར་》,བསྟོད།,
,,1563,2,《པེ་》《སྣར་》,ལ།,
,,1564,3,《པེ་》《སྣར་》,mཔ།,
,1034,1565,1,《པེ་》《སྣར་》,།། །།,
,,1566,2,《པེ་》《སྣར་》,ནི།,
,,1567,3,《པེ་》《སྣར་》,པོ།,
,,1568,4,《པེ་》《སྣར་》,གནོད།,
,1035,1569,1,《པེ་》《སྣར་》,mམི།,
,,1570,2,《པེ་》《སྣར་》,mདྲུག,
,,1571,3,《པེ་》《སྣར་》,བུར།,
,,1572,4,《པེ་》《སྣར་》,mཡིན་པ།,
,1036,1573,1,《པེ་》《སྣར་》,ཟུངས།,
,,1574,2,《པེ་》《སྣར་》,pབ།,
,,1575,3,《པེ་》《སྣར་》,བུའི།,
,,1576,4,《པེ་》《སྣར་》,mལ།,
,1037,1577,1,《པེ་》,ན།,《སྣར་》,ལ།
,,1578,2,《པེ་》《སྣར་》,འཐོབ།,
,,1579,3,《པེ་》《སྣར་》,mམྱ་ངན་ལས་འདས་པའི།,
,,1580,4,《པེ་》《སྣར་》,mམེད་པ།,
,,1581,5,《སྣར་》,པོ།,
,1038,1582,1,《སྣར་》,mཔ།,
,,1583,2,《པེ་》《སྣར་》,mམེད་པ།,
,,1584,3,《པེ་》《སྣར་》,mནི།,
,,1585,4,《པེ་》《སྣར་》,མ་ཡིན་ན།,
,,1586,5,《པེ་》《སྣར་》,mདེ།,
,,1587,6,《པེ་》《སྣར་》,གྱི།,
,,1588,7,《པེ་》《སྣར་》,mསུ།,
,,1589,8,《པེ་》《སྣར་》,mཡོངས་སུ།,
,,1590,9,《པེ་》《སྣར་》,mབརྗོད་པར།,
,1039,1591,1,《པེ་》《སྣར་》,གྲུབ།,
,,1592,2,《པེ་》《སྣར་》,mདེ།,
,,1593,3,《པེ་》《སྣར་》,pཕྱིར།,
,,1594,4,《པེ་》《སྣར་》,mཔ།,
,,1595,5,《པེ་》《སྣར་》,mལ།,
,,1596,6,《པེ་》《སྣར་》,འདའ།,
,,1597,7,《པེ་》《སྣར་》,mནོ།,
,1040,1598,1,《པེ་》《སྣར་》,mལ།,
,,1599,2,《པེ་》《སྣར་》,mཔ།,
,,1600,3,《པེ་》《སྣར་》,འདའ་བས།,
,,1601,4,《པེ་》《སྣར་》,ཅི།,
,1041,1602,1,《པེ་》《སྣར་》,mཡོངས་སུ།,
,,1603,2,《པེ་》《སྣར་》,pལས།,
,,1604,3,《པེ་》《སྣར་》,mཔ་མེད།,
,,1605,4,《པེ་》《སྣར་》,འགྲོ།,
,,1606,5,《པེ་》《སྣར་》,mམངོན།,
,,1607,6,《པེ་》《སྣར་》,ལའང་།,
,,1608,7,《པེ་》《སྣར་》,ཅིའི།,
,1042,1609,1,《པེ་》《སྣར་》,pཔ་ཡིན།,
,,1610,2,《པེ་》《སྣར་》,སྒྲུབ།,
,,1611,3,《པེ་》《སྣར་》,འདིར།,
,,1612,4,《སྣར་》,འདི།,
,,1613,5,《པེ་》《སྣར་》,པོའི།,
,1043,1614,1,《པེ་》《སྣར་》,པར།,
,,1615,2,《པེ་》《སྣར་》,འབྱམས།,
,,1616,3,《པེ་》《སྣར་》,ཚོགས།,
,,1617,4,《པེ་》《སྣར་》,བསྒོམ།,
,,1618,5,《པེ་》《སྣར་》,བསྐུལ།,
,,1619,6,《པེ་》《སྣར་》,བསྐུལ།,
,,1620,7,《པེ་》《སྣར་》,བར།,
,,1621,8,《པེ་》《སྣར་》,བར།,
,,1622,9,《པེ་》《སྣར་》,འགྱུར་བར།,
,,1623,10,《པེ་》《སྣར་》,དགའ།,
,,1624,11,《པེ་》《སྣར་》,བལྟོས།,
,1044,1625,1,《པེ་》《སྣར་》,mཅིང་དེ་དེ་……སྙོམས་སུ་བཞག,
,,1626,2,《པེ་》《སྣར་》,mདག,
,,1627,3,《པེ་》《སྣར་》,mནི།,
,,1628,4,《པེ་》《སྣར་》,པ།,
,1045,1629,1,《པེ་》《སྣར་》,mརྣམ་པར།,
,1046,1630,1,《པེ་》《སྣར་》,mཚིག་འོག་མ་དང་སྦྱར་བ་དང་།,
,,1631,2,《པེ་》《སྣར་》,ཐོབ།,
,,1632,3,《པེ་》《སྣར་》,mའདི།,
,,1633,4,《པེ་》《སྣར་》,བསྡུ་བ།,
,,1634,5,《པེ་》《སྣར་》,ལོཙྪ།,
,,1635,6,《པེ་》《སྣར་》,།། །།,
,,,,,,
,,,,,,
,,,,,,
,,,,,,
,,,,,,
,,,,,,
,,,,,,
,,,,,,
,,,,,,
,,,,,,
,,,,,,
,,,,,,
,,,,,,
,,,,,
,,,,,
,,,,,
,,,,,
,,,,,
,,,,,
,,,,,
,,,,,
,,,,,
,,,,,
,,,,,
,,,,,
,,,,,
,,,,,
,,,,,
