མཚན་བྱང་།,ཤོག་གྲངས།,1,མཆན་གྲངས།,པར་མ།,མཆན།,,,,,,
ཐེག་པ་ཆེན་པོ་བསྡུས་པ།,3,2,1,,,,,,,,མཚན་བྱང་འདི་ཆོས་ཚན་འདིའི་མཚན་བོད་སྐད་དུ་སྨོས་པ་ལྟར་བཀོད།
,,3,2,《སྣར་》,ས།,,,,,,
,,4,3,《པེ་》《སྣར་》,mབམ་པོ་དང་པོ། བཅོམ་ལྡན་འདས་འཕགས་པ་འོད་དཔག་ཏུ་མེད་པ་དང་།,,,,,,
,,5,4,《པེ་》《སྣར་》,ཤེས་བྱའི།,,,,,,
,,6,5,《པེ་》《སྣར་》,ཤེས་བྱའི།,,,,,,
,4,7,1,《པེ་》《སྣར་》,mདེ།,,,,,,
,,8,2,《པེ་》,mཔར།,,,,,,
,,9,3,《པེ་》《སྣར་》,mདེ་ལ།,,,,,,
,,10,4,《པེ་》《སྣར་》,སྒོམ།,,,,,,
,,11,5,《སྣར་》《ཅོ་》,ཀྱིས།,,,,,,
,,12,6,《པེ་》《སྣར་》,མདོའི།,,,,,,
,,13,7,《སྣར་》,ཀྱིས།,,,,,,
,,14,8,《པེ་》《སྣར་》,དེས།,,,,,,
,,15,9,《པེ་》《སྣར་》,pཔོ།,,,,,,
,,16,10,《པེ་》《སྣར་》,སྒོམ་པར།,,,,,,
,,17,11,《ཅོ་》,ནོ།,,,,,,
,5,18,1,《སྣར་》,mརྣམས།,,,,,,
,,19,2,《པེ་》《སྣར་》,ལ།,,,,,,
,,20,3,《པེ་》《སྣར་》,དཀར།,,,,,,
,6,21,1,《པེ་》《སྣར་》,རིམ།,,,,,,
,,22,2,《པེ་》《སྣར་》,དཔའ།,,,,,,
,,23,3,《སྣར་》,དབང་།,,,,,,
,,24,4,《པེ་》《སྣར་》,པར་བྱ་བའི་ཕྱིར།,,,,,,
,,25,5,《པེ་》《སྣར་》,ལ།,,,,,,
,,26,6,《པེ་》《སྣར་》,རྟོག་པ།,,,,,,
,,27,7,《པེ་》《སྣར་》,གཟུང་།,,,,,,
,7,28,1,《པེ་》《སྣར་》,ཐོབ།,,,,,,
,,29,2,《པེ་》《སྣར་》,པོར།,,,,,,
,,30,3,《པེ་》《སྣར་》,བོ་བཞིན་དུ།,,,,,,
,,31,4,《པེ་》《སྣར་》,ཐམས་ཅད།,,,,,,
,,32,5,《པེ་》《སྣར་》,གཟུང་།,,,,,,
,,33,6,《པེ་》《སྣར་》,mལུས་ཐམས་ཅད་ཉེ་བར་ལེན་པའི་གནས་སུ་འགྱུར་བའི་ཕྱིར།,,,,,,
,,34,7,《པེ་》,གཟུང་།,,,,,,
,,35,8,《པེ་》《སྣར་》,mན།,,,,,,
,8,36,1,《པེ་》《སྣར་》,ཀྱི།,,,,,,
,,37,2,《པེ་》《སྣར་》,པ།,,,,,,
,,38,3,《པེ་》《སྣར་》,དག,,,,,,
,,39,4,《པེ་》《སྣར་》,pསེམས་པའི།,,,,,,
,,40,5,《པེ་》《སྣར་》,གྱིས།,,,,,,
,,41,6,《པེ་》《སྣར་》,པ་པ།,,,,,,
,,42,7,《པེ་》《སྣར་》,ང་བོ།,,,,,,
,9,43,1,《སྣར་》,pཔ།,,,,,,
,,44,2,《པེ་》《སྣར་》,པར།,,,,,,
,,45,3,《པེ་》《སྣར་》,གྱུར།,,,,,,
,,46,4,《སྣར་》,mརྣམ་པ།,,,,,,
,,47,5,《སྣར་》,ནི།,,,,,,
,,48,6,《པེ་》《སྣར་》,འཁྱུད།,,,,,,
,,49,7,《པེ་》,mན།,,,,,,
,10,50,1,《པེ་》《སྣར་》,ཤེས།,,,,,,
,,51,2,《པེ་》《སྣར་》,ཀྱི།,,,,,,
,,52,3,《པེ་》《སྣར་》,བསགས།,,,,,,
,,53,4,《པེ་》《སྣར་》,mལྷག་པར།,,,,,,
,,54,5,《པེ་》《སྣར་》,mརྣམ་པར་གྲོལ་བ་རབ་ཏུ་གྲུབ་པའི།,,,,,,
,,55,6,《པེ་》《སྣར་》,mལྷག་པར།,,,,,,
,,56,7,《པེ་》《སྣར་》,mདེ།,,,,,,
,,57,8,《པེ་》《སྣར་》,གཞིའི།,,,,,,
,,58,9,《སྣར་》,mབ།,,,,,,
,11,59,1,《པེ་》《སྣར་》,mཡང་།,,,,,,
,,60,2,《སྣར་》,རྣ།,,,,,,
,,61,3,《སྣར་》,གཏོད།,,,,,,
,,62,4,《པེ་》《སྣར་》,mདང་།,,,,,,
,,63,5,《པེ་》《སྣར་》,mདེ།,,,,,,
,,64,6,《པེ་》,བཞག,,,,,,
,,65,7,《པེ་》《སྣར་》,བཞག ,,,,,, (ཆོས་ཚན་འདིའི་ནང་དུ་གཞག་ཅེས་པ་རྣམས་《པེ་》《སྣར་》ལ་བཞག་ཅེས་འཁོད་ཀྱང་བསྡུར་མཆན་དུ་བཀོད་མེད།)
,12,66,1,《པེ་》,གཟུང་།,,,,,,
,,67,2,《སྣར་》,པར།,,,,,,
,,68,3,《པེ་》《སྣར་》,དོ།,,,,,,
,,69,4,《པེ་》《སྣར་》,རྣམ་པ།,,,,,,
,,70,5,《སྣར་》,ཞི་བར།,,,,,,
,,71,6,《པེ་》《སྣར་》,ཅེས།,,,,,,
,13,72,1,《པེ་》《སྣར་》,ལྟ།,,,,,,
,,73,2,《སྣར་》,mནོ།,,,,,,
,14,74,1,《པེ་》《སྣར་》,པས།,,,,,,
,,75,2,《པེ་》,འབྱུང་།,,,,,,
,,76,3,《སྣར་》,ཚིགས།,,,,,,
,,77,4,《སྣར་》,གདུང་།,,,,,,
,,78,5,《པེ་》《སྣར་》,mདེ།,,,,,,
,,79,6,《པེ་》《སྣར་》,mཉིད།,,,,,,
,,80,7,《པེ་》《སྣར་》,mམ་ཡིན་པ་ཆོས་ཐ་དད་པ།,,,,,,
,,81,8,《པེ་》《སྣར་》,ཚིག,,,,,,
,,82,9,《པེ་》《སྣར་》,སུ།,,,,,,
,,83,10,《སྣར་》,mསྣ།,,,,,,
,15,84,1,《པེ་》《སྣར་》,བསྡུས།,,,,,,
,,85,2,《པེ་》《སྣར་》,བྱུང་།,,,,,,
,,86,3,《པེ་》《སྣར་》,དབྱེ།,,,,,,
,,87,4,《པེ་》《སྣར་》,དབྱེ།,,,,,,
,,88,5,《པེ་》《སྣར་》,པ།,,,,,,
,,89,6,《པེ་》《སྣར་》,pཔ།,,,,,,
,,90,7,《པེ་》《སྣར་》,དབང་ཕྱུག་གིས་སྤྲུལ་པའི།,,,,,,
,,91,8,《པེ་》《སྣར་》,གི།,,,,,,
,,92,9,《པེ་》《སྣར་》,mཁ་ཅིག་ནི་བདག་གི་རྒྱུ་ལས་བྱུང་བ་ཉིད་དུ་རྟོག,,,,,,
,,93,10,《སྣར་》,mལ།,,,,,,
,16,94,1,《པེ་》《སྣར་》,ནས།,,,,,,
,,95,2,《སྣར་》,ནི།,,,,,,
,,96,3,《པེ་》《སྣར་》,mབཞིན།,,,,,,
,,97,4,《པེ་》《སྣར་》,པར་འབྱུང་།,,,,,,
,,98,5,《པེ་》《སྣར་》,འབྱུང་།,,,,,,
,,99,6,《པེ་》《སྣར་》,འགལ།,,,,,,
,17,100,1,《པེ་》《སྣར་》,ཏེ།,,,,,,
,,101,2,《པེ་》《སྣར་》,སྐྱེད།,,,,,,
,,102,3,《པེ་》《སྣར་》,mཉིད་ནི།,,,,,,
,,103,4,《པེ་》《སྣར་》,པའམ།,,,,,,
,,104,5,《པེ་》《སྣར་》,འཇིག,,,,,,
,,105,6,《པེ་》《སྣར་》,གྱིས།,,,,,,
,,106,7,《པེ་》《སྣར་》,སྤྱོད།,,,,,,
,,107,8,《སྣར་》,བརྟག,,,,,,
,,108,9,《པེ་》《སྣར་》,mདེ།,,,,,,
,,109,10,《པེ་》《སྣར་》,གི།,,,,,,
,,110,11,《པེ་》《སྣར་》,ཀྱི།,,,,,,
,,111,12,《པེ་》《སྣར་》,རྣམས།,,,,,,
,18,112,1,《པེ་》,mཔ།,,,,,,
,,113,2,《པེ་》《སྣར་》,ཅི།,,,,,,
,,114,3,《པེ་》《སྣར་》,pདག,,,,,,
,,115,4,《པེ་》《སྣར་》,གྱི།,,,,,,
,,116,5,《པེ་》《སྣར་》,སྤྱོད།,,,,,,
,19,117,1,《པེ་》《སྣར་》,རྟེན།,,,,,,
,,118,2,《པེ་》《སྣར་》,བྱུང་བ་འགགས།,,,,,,
,,119,3,《པེ་》《སྣར་》,པའི།,,,,,,
,,120,4,《པེ་》《སྣར་》,pཉེ་པའི།,,,,,,
,,121,5,《པེ་》《སྣར་》,mཔ་དང་ཉེ་བའི་ཉོན་མོངས།,,,,,,
,,122,6,《པེ་》《སྣར་》,ངོ་།,,,,,,
,,123,7,《པེ་》《སྣར་》,ལྟར་དེ།,,,,,,
,,124,8,《སྣར་》,pཔ།,,,,,,
,,125,9,《པེ་》《སྣར་》,ཤེས་པ།,,,,,,
,,126,10,《པེ་》《སྣར་》,འགགས།,,,,,,
,,127,11,《པེ་》《སྣར་》,འཇིག་རྟེན།,,,,,,
,20,128,1,《པེ་》《སྣར་》,མི།,,,,,,
,,129,2,《པེ་》《སྣར་》,འགག,,,,,,
,,130,3,《པེ་》《སྣར་》,mལ།,,,,,,
,,131,4,《པེ་》《སྣར་》,ཀྱིས།,,,,,,
,,132,5,《པེ་》《སྣར་》,ལས།,,,,,,
,,133,6,《པེ་》,བཞུགས།;《སྣར་》,བཞུག,,,,,
,21,134,1,《སྣར་》,mནོ།,,,,,,
,,135,2,《པེ་》《སྣར་》,པ།,,,,,,
,,136,3,《པེ་》《སྣར་》,རྐན།,,,,,,
,,137,4,《པེ་》《སྣར་》,mནི།,,,,,,
,,138,5,《པེ་》《སྣར་》,mསྟེ་དེ།,,,,,,
,,139,6,《པེ་》《སྣར་》,བ།,,,,,,
,,140,7,《པེ་》《སྣར་》,mགྱི།,,,,,,
,,141,8,《པེ་》《སྣར་》,པ།,,,,,,
,22,142,1,《པེ་》《སྣར་》,mལྟ།,,,,,,
,,143,2,《སྣར་》,ཀྱི།,,,,,,
,,144,3,《པེ་》《སྣར་》,mབ།,,,,,,
,,145,4,《པེ་》《སྣར་》,འགགས།,,,,,,
,,146,5,《པེ་》《སྣར་》,རབ་ཏུ།,,,,,,
,23,147,1,《པེ་》《སྣར་》,mབོན།,,,,,,
,,148,2,《པེ་》《སྣར་》,mན།,,,,,,
,,149,3,《པེ་》,མ།,,,,,,
,,150,4,《པེ་》《སྣར་》,mལ་བརྟེན་པ།,,,,,,
,,151,5,《པེ་》《སྣར་》,pན།,,,,,,
,,152,6,《པེ་》《སྣར་》,རབ་ཏུ།,,,,,,
,,153,7,《པེ་》《སྣར་》,པ།,,,,,,
,24,154,1,《པེ་》《སྣར་》,པ།,,,,,,
,,155,2,《པེ་》《སྣར་》,འགགས།,,,,,,
,,156,3,《པེ་》《སྣར་》,པ།,,,,,,
,,157,4,《པེ་》《སྣར་》,mན།,,,,,,
,,158,5,《སྣར་》,འདུས།,,,,,,
,,159,6,《པེ་》《སྣར་》,mདེ་ལ།,,,,,,
,25,160,1,《པེ་》,པོ།,,,,,,
,,161,2,《པེ་》《སྣར་》,mཔོ།,,,,,,
,,162,3,《པེ་》《སྣར་》,ལྟ།,,,,,,
,,163,4,《པེ་》《སྣར་》,དེ།,,,,,,
,,164,5,《པེ་》《སྣར་》,mཔོ།,,,,,,
,,165,6,《སྣར་》,འབྲིང་།,,,,,,
,,166,7,《པེ་》《སྣར་》,pཡང་།,,,,,,
,,167,8,《པེ་》《སྣར་》,mཡང་།,,,,,,
,,168,9,《པེ་》《སྣར་》,mཏུ།,,,,,,
,,169,10,《པེ་》《སྣར་》,mརྣམས།,,,,,,
,26,170,1,《པེ་》《སྣར་》,པ་ནི།,,,,,,
,,171,2,《པེ་》《སྣར་》,མངོན་པར་འགྲུབ་པ།,,,,,,
,,172,3,《པེ་》《སྣར་》,ལྟ།,,,,,,
,,173,4,《པེ་》《སྣར་》,པར།,,,,,,
,,174,5,《པེ་》《སྣར་》,mཔ།,,,,,,
,,175,6,《པེ་》《སྣར་》,བསྟེན།,,,,,,
,27,176,1,《པེ་》《སྣར་》,mཉིད།,,,,,,
,,177,2,《སྣར་》,mཔ།,,,,,,
,,178,3,《པེ་》,བསལ།;《སྣར་》,གསལ།,,,,,
,,179,4,《པེ་》《སྣར་》,པས།,,,,,,
,28,180,1,《པེ་》《སྣར་》,mལ།,,,,,,
,,181,2,《པེ་》《སྣར་》,ཀྱི།,,,,,,
,,182,3,《པེ་》,མོངས།,,,,,,
,,183,4,《པེ་》《སྣར་》,འགག,,,,,,
,29,184,1,《པེ་》《སྣར་》,བས།,,,,,,
,,185,2,《པེ་》《སྣར་》,གྱི།,,,,,,
,,186,3,《སྣར་》,གཏན།,,,,,,
,30,187,1,《པེ་》《སྣར་》,གཏོན།,,,,,,
,,188,2,《པེ་》《སྣར་》,གྱི།,,,,,,
,,189,3,《པེ་》《སྣར་》,mདུ།,,,,,,
,,190,4,《པེ་》《སྣར་》,mབར་བྱ།,,,,,,
,,191,5,《སྣར་》,རྟག་པ་ཡི།,,,,,,
,31,192,1,《པེ་》,mདང་།,,,,,,
,,193,2,《པེ་》《སྣར་》,ཀྱི།,,,,,,
,,194,3,《སྣར་》,པར།,,,,,,
,,195,4,《པེ་》《སྣར་》,པ།,,,,,,
,32,196,1,《པེ་》《སྣར་》,རྨོས།,,,,,,
,,197,2,《པེ་》《སྣར་》,mཡང་།,,,,,,
,,198,3,《པེ་》《སྣར་》,གྱི།,,,,,,
,,199,4,《པེ་》《སྣར་》,mམི་འབྱུང་གི་སད་པ་ལ།,,,,,,
,,200,5,《པེ་》《སྣར་》,རིག,,,,,,
,33,201,1,《པེ་》《སྣར་》,གྱི།,,,,,,
,,202,2,《པེ་》《སྣར་》,ཀྱི།,,,,,,
,,203,3,《པེ་》《སྣར་》,ཀྱི།,,,,,,
,,204,4,《པེ་》《སྣར་》,རིག,,,,,,
,,205,5,《སྣར་》,བསམ།,,,,,,
,34,206,1,《པེ་》,དད།,,,,,,
,,207,2,《པེ་》《སྣར་》,རིག,,,,,,
,,208,3,《པེ་》《སྣར་》,རིག,,,,,,
,,209,4,《པེ་》《སྣར་》,བསྟེན།,,,,,,
,,210,5,《པེ་》《སྣར་》,གྱི།,,,,,,
,,211,6,《པེ་》《སྣར་》,mཔ།,,,,,,
,,212,7,《པེ་》《སྣར་》,mནི་མི།,,,,,,
,,213,8,《པེ་》《སྣར་》,པ་དང་།,,,,,,
,,214,9,《པེ་》《སྣར་》,རིག,,,,,,
,,215,10,《པེ་》《སྣར་》,ཡིན་པར་འདོད། མེད་པར་གྱུར་ན།,,,,,,
,35,216,1,《པེ་》《སྣར་》,mའཇིག་རྟེན་གྱི་ཁམས་དཔག་ཏུ་མེད་པ་དང་།,,,,,,
,,217,2,《པེ་》《སྣར་》,དད།,,,,,,
,,218,3,《སྣར་》,བཟུང་།,,,,,,
,,219,4,《པེ་》《སྣར་》,བར་དུ།,,,,,,
,,220,5,《པེ་》《སྣར་》,གྱི་སྟེ།,,,,,,
,,221,6,《པེ་》《སྣར་》,mནི།,,,,,,
,,222,7,《པེ་》《སྣར་》,པའི་ཕྱིར་རོ།,,,,,,
,,223,8,《པེ་》《སྣར་》,ཀྱི།,,,,,,
,,224,9,《པེ་》《སྣར་》,mནས།,,,,,,
,,225,10,《པེ་》《སྣར་》,གྱི།,,,,,,
,,226,11,《པེ་》《སྣར་》,mགང་།,,,,,,
,,227,12,《པེ་》《སྣར་》,པར།,,,,,,
,,228,13,《པེ་》《སྣར་》,རྟོག,,,,,,
,36,229,1,《པེ་》《སྣར་》,དཔའ།,,,,,,
,,230,2,《པེ་》《སྣར་》,mནི།,,,,,,
,,231,3,《པེ་》《སྣར་》,ནས།,,,,,,
,,232,4,《སྣར་》,གདུལ།,,,,,,
,,233,5,《པེ་》《སྣར་》,རྟོན།,,,,,,
,,234,6,《པེ་》《སྣར་》,གནས།,,,,,,
,,235,7,《པེ་》《སྣར་》,mརྣམ་པར།,,,,,,
,,236,8,《པེ་》《སྣར་》,བརྟེན།,,,,,,
,,237,9,《པེ་》《སྣར་》,mདེའི།,,,,,,
,,238,10,《པེ་》《སྣར་》,ལྟ།,,,,,,
,,239,11,《པེ་》《སྣར་》,mའདི་དག་ནི་རྣམ་པར་རིག་པ།,,,,,,
,,240,12,《པེ་》《སྣར་》,mདོན།,,,,,,
,37,241,1,《པེ་》《སྣར་》,mརྣམ་པར།,,,,,,
,,242,2,《པེ་》《སྣར་》,mདོན།,,,,,,
,38,243,1,《པེ་》《སྣར་》,ཟོབ་པར་གྲུབ།,,,,,,
,,244,2,《སྣར་》,སྐྱེ།,,,,,,
,,245,3,《པེ་》《སྣར་》,གྱི།,,,,,,
,,246,4,《སྣར་》,རྟག,,,,,,
,39,247,1,《ཅོ་》,བརྟག,,,,,,
,,248,2,《པེ་》《སྣར་》,བརྟགས་པར་བྱ་བ།,,,,,,
,,249,3,《པེ་》《སྣར་》,རྟོགས།,,,,,,
,,250,4,《པེ་》《སྣར་》,རྟོགས།,,,,,,
,,251,5,《པེ་》《སྣར་》,བྱུང་།,,,,,,
,,252,6,《པེ་》《སྣར་》,གི།,,,,,,
,,253,7,《པེ་》《སྣར་》,རྟགས།,,,,,,
,,254,8,《པེ་》《སྣར་》,mན,,,,,,
,,255,9,《པེ་》《སྣར་》,mཅིང་།,,,,,,
,,256,10,《པེ་》《སྣར་》,ཀྱི།,,,,,,
,,257,11,《པེ་》《སྣར་》,མཐོང་།,,,,,,
,,258,12,《པེ་》《སྣར་》,གི།,,,,,,
,,259,13,《པེ་》《སྣར་》,mཡང་།,,,,,,
,,260,14,《པེ་》《སྣར་》,པ།,,,,,,
,,261,15,《པེ་》《སྣར་》,mརྣམ་གྲངས་ཀྱིས་ན།,,,,,,
,,262,16,《པེ་》《སྣར་》,pརྣམ་གྲངས་ཀྱིས་ན།,,,,,,
,40,263,1,《པེ་》《སྣར་》,རྟག,,,,,,
,,264,2,《པེ་》《སྣར་》,གི།,,,,,,
,,265,3,《སྣར་》,རྟགས,,,,,,
,,266,4,《སྣར་》,བཏན།,,,,,,
,,267,5,《པེ་》《སྣར་》,mམ།,,,,,,
,,268,6,《པེ་》《སྣར་》,mཏུ།,,,,,,
,,269,7,《པེ་》《སྣར་》,pཡོངས་སུ་གྲུབ་པ་ཉིད་ཀྱི།,,,,,,
,,270,8,《སྣར་》,བྱའོ།,,,,,,
,,271,9,《པེ་》《སྣར་》,རྟོགས།,,,,,,
,41,272,1,《པེ་》《སྣར་》,mནི།,,,,,,
,,273,2,《སྣར་》,mནི།,,,,,,
,,274,3,《པེ་》《སྣར་》,རྟོག,,,,,,
,,275,4,《པེ་》《སྣར་》,གཉིས།,,,,,,
,,276,5,《པེ་》《སྣར་》,ནི།,,,,,,
,,277,6,《སྣར་》,བྱའོ།,,,,,,
,,278,7,《པེ་》《སྣར་》,དགའ།,,,,,,
,,279,8,《པེ་》《སྣར་》,ཀྱི།,,,,,,
,,280,9,《པེ་》《སྣར་》,པ།,,,,,,
,,281,10,《པེ་》《སྣར་》,གྱི།,,,,,,
,42,282,1,《པེ་》《སྣར་》,ལྟ་བར།,,,,,,
,,283,2,《སྣར་》,ཉིད།,,,,,,
,,284,3,《པེ་》《སྣར་》,པོ།,,,,,,
,,285,4,《སྣར་》,པའི།,,,,,,
,43,286,1,《པེ་》《སྣར་》,ཀྱི།,,,,,,
,,287,2,《པེ་》《སྣར་》,བྱའོ།,,,,,,
,,288,3,《པེ་》《སྣར་》,བྱའོ།,,,,,,
,,289,4,《སྣར་》,pཞེས་བྱ་བ།,,,,,,
,,290,5,《པེ་》《སྣར་》,བརྟགས།,,,,,,
,,291,6,《པེ་》《སྣར་》,གྱི།,,,,,,
,44,292,1,《པེ་》《སྣར་》,ཀྱི།,,,,,,
,,293,2,《པེ་》,pངོ་བོ་ཉིད།,,,,,,
,,294,3,《པེ་》《སྣར་》,mཡིན།,,,,,,
,,295,4,《པེ་》《སྣར་》,གི།,,,,,,
,,296,5,《པེ་》《སྣར་》,mཏུ།,,,,,,
,,297,6,《པེ་》《སྣར་》,mམ།,,,,,,
,,298,7,《པེ་》《སྣར་》,གི།,,,,,,
,,299,8,《པེ་》《སྣར་》,mགང་།,,,,,,
,,300,9,《པེ་》《སྣར་》,ཅི།,,,,,,
,,301,10,《སྣར་》,མེད།,,,,,,
,,302,11,《པེ་》《སྣར་》,བར།,,,,,,
,,303,12,《པེ་》《སྣར་》,mམེད།,,,,,,
,,304,13,《པེ་》《སྣར་》,pབ།,,,,,,
,,305,14,《པེ་》《སྣར་》,mདེ།,,,,,,
,,306,15,《པེ་》《སྣར་》,mཐམས་ཅད་ཀྱི།,,,,,,
,45,307,1,《སྣར་》,mན།,,,,,,
,,308,2,《པེ་》《སྣར་》,ཀྱི།,,,,,,
,,309,3,《པེ་》,mཏུ།,,,,,,
,,310,4,《པེ་》《སྣར་》,གྱི།,,,,,,
,,311,5,《པེ་》《སྣར་》,mརྣམ་པར།,,,,,,
,,312,6,《པེ་》《སྣར་》,mརྣམ་པར།,,,,,,
,46,313,1,《པེ་》《སྣར་》,mཔས།,,,,,,
,,314,2,《པེ་》《སྣར་》,གི།,,,,,,
,,315,3,《པེ་》《སྣར་》,རྟེན།,,,,,,
,,316,4,《པེ་》《སྣར་》,རྨོས།,,,,,,
,,317,5,《པེ་》《སྣར་》,ན་མེད་པ།,,,,,,
,,318,6,《སྣར་》,དད།,,,,,,
,,319,7,《སྣར་》,mའབྱུང་།,,,,,,
,,320,8,《ཅོ་》,བ།,,,,,,
,47,321,1,《པེ་》《སྣར་》,mམ།,,,,,,
,,322,2,《པེ་》《སྣར་》,mཀྱིས།,,,,,,
,,323,3,《པེ་》《སྣར་》,ལ།,,,,,,
,,324,4,《པེ་》《སྣར་》,མ།,,,,,,
,,325,5,《པེ་》《སྣར་》,མ།,,,,,,
,,326,6,《སྣར་》,mདེ།,,,,,,
,48,327,1,《པེ་》《སྣར་》,རྟོགས།,,,,,,
,,328,2,《པེ་》《སྣར་》,པས།,,,,,,
,,329,3,《པེ་》《སྣར་》,ནི།,,,,,,
,,330,4,《པེ་》《སྣར་》,རྟོགས།,,,,,,
,,331,5,《པེ་》《སྣར་》,ཀྱིས།,,,,,,
,,332,6,《པེ་》《སྣར་》,པས།,,,,,,
,,333,7,《པེ་》《སྣར་》,mནི།,,,,,,
,,334,8,《པེ་》《སྣར་》,བརྟག,,,,,,
,,335,9,《པེ་》《སྣར་》,བརྟག,,,,,,
,,336,10,《པེ་》《སྣར་》,mབ་དག་ཀྱང་།,,,,,,
,,337,11,《པེ་》《སྣར་》,mབ་དག་ཀྱང་།,,,,,,
,49,338,1,《པེ་》《སྣར་》,བཟོད།,,,,,,
,,339,2,《པེ་》《སྣར་》,བཟོད།,,,,,,
,,340,3,《པེ་》《སྣར་》,གྱི།,,,,,,
,,341,4,《པེ་》《སྣར་》,དང་།,,,,,,
,,342,5,《པེ་》《སྣར་》,གི།,,,,,,
,,343,6,《པེ་》,བརྟག,,,,,,
,,344,7,《པེ་》《སྣར་》,མིན།,,,,,,
,,345,8,《སྣར་》,བསྟེན།,,,,,,
,,346,9,《སྣར་》,བསྟེན།,,,,,,
,,347,10,《སྣར་》,mཔ།,,,,,,
,,348,11,《སྣར་》,pཔ།,,,,,,
,,349,12,《པེ་》《སྣར་》,བཟུང་།,,,,,,
,,350,13,《པེ་》《སྣར་》,pཉིད།,,,,,,
,,351,14,《པེ་》《སྣར་》,mཔ།,,,,,,
,,352,15,《པེ་》,བཟོད།,,,,,,
,,353,16,《སྣར་》,བཞི།,,,,,,
,,354,17,《པེ་》《སྣར་》,ལས།,,,,,,
,50,355,1,《པེ་》《སྣར་》,གཟུང་།,,,,,,
,,356,2,《པེ་》《སྣར་》,པར།,,,,,,
,,357,3,《པེ་》《སྣར་》,pསྙེད་འདི།,,,,,,
,,358,4,《པེ་》《སྣར་》,གསུང་བ།,,,,,,
,,359,5,《པེ་》《སྣར་》,ཏེ།,,,,,,
,,360,6,《པེ་》《སྣར་》,ཀྱིས།,,,,,,
,,361,7,《སྣར་》,pཔ།,,,,,,
,51,362,1,《པེ་》《སྣར་》,pབ།,,,,,,
,,363,2,《པེ་》,རྟགས།,,,,,,
,,364,3,《པེ་》《སྣར་》,གྱིས།,,,,,,
,52,365,1,《པེ་》《སྣར་》,པའི།,,,,,,
,,366,2,《པེ་》《སྣར་》,ཟློག,,,,,,
,,367,3,《སྣར་》,པས།,,,,,,
,,368,4,《པེ་》《སྣར་》,ཀྱིས།,,,,,,
,,369,5,《སྣར་》,པར།,,,,,,
,,370,6,《པེ་》《སྣར་》,ཀྱིས།,,,,,,
,,371,7,《པེ་》《སྣར་》,འདི།,,,,,,
,,372,8,《པེ་》《སྣར་》,mའདི་ནི།,,,,,,
,,373,9,《པེ་》《སྣར་》,ཀྱིས།,,,,,,
,53,374,1,《པེ་》《སྣར་》,mཔ།,,,,,,
,,375,2,《པེ་》《སྣར་》,ཀྱི།,,,,,,
,,376,3,《པེ་》《སྣར་》,བྱེད་པའི།,,,,,,
,,377,4,《སྣར་》,ཀྱིས།,,,,,,
,,378,5,《པེ་》《སྣར་》,གྲུབ།,,,,,,
,,379,6,《པེ་》《སྣར་》,ཀྱིས།,,,,,,
,,380,7,《པེ་》《སྣར་》,ཀྱིས།,,,,,,
,,381,8,《པེ་》《སྣར་》,གྱིས།,,,,,,
,,382,9,《པེ་》《སྣར་》,བར།,,,,,,
,,383,10,《སྣར་》,བཟད།,,,,,,
,,384,11,《པེ་》《སྣར་》,གྱིས།,,,,,,
,,385,12,《པེ་》《སྣར་》,གྱིས།,,,,,,
,,386,13,《སྣར་》,pདག,,,,,,
,54,387,1,《པེ་》《སྣར་》,ཅིའི་ཕྱིར།,,,,,,
,,388,2,《པེ་》《སྣར་》,ཏུ།,,,,,,
,,389,3,《པེ་》《སྣར་》,གིས།,,,,,,
,,390,4,《པེ་》《སྣར་》,གྱིས།,,,,,,
,,391,5,《པེ་》《སྣར་》,གསལ།,,,,,,
,,392,6,《པེ་》《སྣར་》,གསྙེན།,,,,,,
,,393,7,《པེ་》《སྣར་》,སྤྱོང་།,,,,,,
,55,394,1,《སྣར་》,བརྩེན།,,,,,,
,,395,2,《པེ་》《སྣར་》,རྟོག,,,,,,
,,396,3,《པེ་》,ཀྱིས།,,,,,,
,,397,4,《པེ་》,བུའོ་ཚིག;《སྣར་》,ཚིགས་བུའོ།,,,,,
,,398,5,《པེ་》《སྣར་》,བྱ་སྟེ།,,,,,,
,,399,6,《པེ་》《སྣར་》,ལས།,,,,,,
,,400,7,《པེ་》《སྣར་》,བྱའོ།,,,,,,
,,401,8,《སྣར་》,དག,,,,,,
,,402,9,《པེ་》《སྣར་》,ཀྱིས།,,,,,,
,,403,10,《པེ་》《སྣར་》,ཀྱིས།,,,,,,
,,404,11,《པེ་》《སྣར་》,ཟློག,,,,,,
,,405,12,《པེ་》《སྣར་》,ཟློག,,,,,,
,,406,13,《སྣར་》,ཆད།,,,,,,
,56,407,1,《པེ་》《སྣར་》,ཀྱི།,,,,,,
,,408,2,《པེ་》《སྣར་》,གཟུང་།,,,,,,
,,409,3,《པེ་》《སྣར་》,གཟུང་།,,,,,,
,,410,4,《པེ་》《སྣར་》,mཐེག་པ་ཆེན་པོ་བསྡུས་པ་ལས་ཤེས་བྱའི་མཚན་ཉིད་དེ་ལེའུ་གཉིས་པ་རྫོགས་སོ།།,,,,,,
,,411,5,《སྣར་》,ལྟ།,,,,,,
,,412,6,《པེ་》《སྣར་》,བརྗོད།,,,,,,
,57,413,1,《པེ་》《སྣར་》,བརྩམས།,,,,,,
,,414,2,《པེ་》《སྣར་》,ཀྱིས།,,,,,,
,,415,3,《པེ་》《སྣར་》,བརྩམས།,,,,,,
,,416,4,《པེ་》《སྣར་》,mཇི་ལྟར།,,,,,,
,,417,5,《པེ་》《སྣར་》,གི,,,,,,
,,418,6,《པེ་》《སྣར་》,གྱི།,,,,,,
,,419,7,《པེ་》《སྣར་》,བསམས།,,,,,,
,58,420,1,《སྣར་》,གཅད།,,,,,,
,,421,2,《པེ་》《སྣར་》,ཀྱིས།,,,,,,
,,422,3,《པེ་》《སྣར་》,པར།,,,,,,
,,423,4,《པེ་》《སྣར་》,pཀྱི།,,,,,,
,59,424,1,《པེ་》《སྣར་》,mདེ་ལྟར་གྱུར་པ།,,,,,,
,,425,2,《པེ་》《སྣར་》,བརྗོད།,,,,,,
,,426,3,《པེ་》《སྣར་》,ཀྱིས་བརྗོད།,,,,,,
,,427,4,《པེ་》《སྣར་》,བརྗོད།,,,,,,
,,428,5,《པེ་》《སྣར་》,རྟོགས།,,,,,,
,,429,6,《སྣར་》,བྱེད།,,,,,,
,,430,7,《པེ་》《སྣར་》,ཉིད།,,,,,,
,,431,8,《པེ་》《སྣར་》,ཀྱིས།,,,,,,
,60,432,1,《པེ་》《སྣར་》,བྱའི།,,,,,,
,,433,2,《སྣར་》,རྣམས།,,,,,,
,,434,3,《པེ་》《སྣར་》,མི།,,,,,,
,,435,4,《སྣར་》,བཞིག,,,,,,
,,436,5,《པེ་》《སྣར་》,བརྗོད།,,,,,,
,,437,6,《པེ་》,བརྟག,,,,,,
,,438,7,《པེ་》《སྣར་》,གྱིས།,,,,,,
,,439,8,《པེ་》《སྣར་》,བརྗོད།,,,,,,
,,440,9,《པེ་》《སྣར་》,གིས།,,,,,,
,,441,10,《པེ་》《སྣར་》,རྟོགས།,,,,,,
,,442,11,《པེ་》,ཀྱིས།,,,,,,
,,443,12,《པེ་》《སྣར་》,རྟོགས།,,,,,,
,61,444,1,《སྣར་》,བཞུགས།,,,,,,
,,445,2,《པེ་》《སྣར་》,ཀྱིས།,,,,,,
,,446,3,《སྣར་》,ལས།,,,,,,
,,447,4,《པེ་》《སྣར་》,བྱེད།,,,,,,
,,448,5,《པེ་》《སྣར་》,བྱེད།,,,,,,
,62,449,1,《སྣར་》,གྱིས།,,,,,,
,,450,2,《སྣར་》,pཏུ།,,,,,,
,,451,3,《པེ་》《སྣར་》,གྱིས།,,,,,,
,,452,4,《པེ་》《སྣར་》,mཔ།,,,,,,
,,453,5,《པེ་》《སྣར་》,ཀྱིས།,,,,,,
,,454,6,《པེ་》《སྣར་》,རྟོག,,,,,,
,,455,7,《པེ་》《སྣར་》,བརྟས།,,,,,,
,63,456,1,《པེ་》《སྣར་》,mགྱི།,,,,,,
,,457,2,《པེ་》《སྣར་》,གྱིས།,,,,,,
,,458,3,《པེ་》《སྣར་》,གིས།,,,,,,
,,459,4,《པེ་》《སྣར་》,བྱོས།,,,,,,
,64,460,1,《པེ་》《སྣར་》,པར།,,,,,,
,,461,2,《པེ་》《སྣར་》,དཔའ།,,,,,,
,,462,3,《པེ་》《སྣར་》,དཔའ།,,,,,,
,,463,4,《པེ་》《སྣར་》,སྣང་།,,,,,,
,,464,5,《པེ་》《སྣར་》,ཡིས།,,,,,,
,,465,6,《པེ་》《སྣར་》,ཡིས།,,,,,,
,,466,7,《པེ་》《སྣར་》,རྟོག,,,,,,
,,467,8,《སྣར་》,pདུ།,,,,,,
,,468,9,《པེ་》《སྣར་》,བསྟན།,,,,,,
,,469,10,《སྣར་》,pབ།,,,,,,
,,470,11,《པེ་》《སྣར་》,ལྟ།,,,,,,
,,471,12,《པེ་》《སྣར་》,གིས་སོ།,,,,,,
,,472,13,《པེ་》《སྣར་》《ཅོ་》,pདག,,,,,,
,65,473,1,《པེ་》《སྣར་》,དེས།,,,,,,
,,474,2,《པེ་》《སྣར་》,mཅི།,,,,,,
,,475,3,《པེ་》《སྣར་》,mཙམ།,,,,,,
,,476,4,《སྣར་》,དཔའ།,,,,,,
,,477,5,《པེ་》《སྣར་》,རྣམས།,,,,,,
,,478,6,《སྣར་》,pརོ།,,,,,,
,,479,7,《པེ་》《སྣར་》,mལྷག་པའི།,,,,,,
,,480,8,《པེ་》《སྣར་》,ངོ་བོ།,,,,,,
,66,481,1,《པེ་》《སྣར་》,རིམ།,,,,,,
,,482,2,《པེ་》《སྣར་》,རིམ།,,,,,,
,,483,3,《པེ་》《སྣར་》,བྱ།,,,,,,
,,484,4,《པེ་》《སྣར་》,མཉམ་པར།,,,,,,
,,485,5,《པེ་》《སྣར་》,ཀྱིས།,,,,,,
,,486,6,《སྣར་》,བསྒྲུབ།,,,,,,
,,487,7,《པེ་》《སྣར་》,mལ།,,,,,,
,67,488,1,《པེ་》《སྣར་》,གྲུབ་དུ།,,,,,,
,,489,2,《པེ་》《སྣར་》,མཉམ།,,,,,,
,,490,3,《པེ་》《སྣར་》,pམཉམ་པར་བཞག།,,,,,,
,,491,4,《པེ་》《སྣར་》,བ།,,,,,,
,,492,5,《པེ་》《སྣར་》,རྟོགས།,,,,,,
,,493,6,《པེ་》《སྣར་》,ཀྱི།,,,,,,
,68,494,1,《པེ་》《སྣར་》,བསྒོམ།,,,,,,
,,495,2,《པེ་》《སྣར་》,ལྟ།,,,,,,
,,496,3,《པེ་》《སྣར་》,བསྒྲུབ།,,,,,,
,,497,4,《སྣར་》,pཕྱིན།,,,,,,
,69,498,1,《པེ་》《སྣར་》,pམ།,,,,,,
,,499,2,《པེ་》《སྣར་》,mལ།,,,,,,
,,500,3,《པེ་》《སྣར་》,གིས།,,,,,,
,,501,4,《པེ་》《སྣར་》,mཐམས་ཅད།,,,,,,
,,502,5,《པེ་》《སྣར་》,འབུལ།,,,,,,
,,503,6,《སྣར་》,mལ།,,,,,,
,,504,7,《པེ་》《སྣར་》,ཀྱིས།,,,,,,
,70,505,1,《པེ་》《སྣར་》,གྱིས།,,,,,,
,,506,2,《པེ་》《སྣར་》,ལྟར།,,,,,,
,,507,3,《པེ་》《སྣར་》,གི།,,,,,,
,,508,4,《པེ་》《སྣར་》,གིས།,,,,,,
,,509,5,《པེ་》,དཔའ།,,,,,,
,,510,6,《སྣར་》,དཔའི།,,,,,,
,,511,7,《སྣར་》,དེས།,,,,,,
,,512,8,《པེ་》《སྣར་》,གིས།,,,,,,
,71,513,1,《པེ་》《སྣར་》,mབསམ་པ།,,,,,,
,,514,2,《པེ་》《སྣར་》,ལྟ།,,,,,,
,,515,3,《པེ་》《སྣར་》,mཔ།,,,,,,
,,516,4,《པེ་》《སྣར་》,བསྒྲུབ།,,,,,,
,,517,5,《སྣར་》,རྟོགས།,,,,,,
,,518,6,《པེ་》《སྣར་》,ལྟ།,,,,,,
,,519,7,《པེ་》《སྣར་》,གི།,,,,,,
,72,520,1,《པེ་》《སྣར་》,mདང་།,,,,,,
,,521,2,《པེ་》《སྣར་》,mདང་།,,,,,,
,,522,3,《པེ་》《སྣར་》,ནི།,,,,,,
,,523,4,《པེ་》《སྣར་》,ཀྱིས།,,,,,,
,,524,5,《པེ་》《སྣར་》,mབ།,,,,,,
,,525,6,《པེ་》《སྣར་》,སྦྱངས།,,,,,,
,,526,7,《པེ་》《སྣར་》,mབ།,,,,,,
,,527,8,《པེ་》《སྣར་》,mཔ།,,,,,,
,73,528,1,《པེ་》《སྣར་》,ཞི།,,,,,,
,,529,2,《པེ་》《སྣར་》,དག,,,,,,
,,530,3,《པེ་》《སྣར་》,ཡིས།,,,,,,
,74,531,1,《པེ་》《སྣར་》,mནི།,,,,,,
,,532,2,《པེ་》《སྣར་》,ཀྱི།,,,,,,
,,533,3,《སྣར་》《ཅོ་》,དཀའ།,,,,,,
,,534,4,《པེ་》《སྣར་》,ཀྱི།,,,,,,
,75,535,1,《པེ་》《སྣར་》,pཔོ།,,,,,,
,,536,2,《པེ་》《སྣར་》,mརྣམ་པར་མ་བརྟགས་པར།,,,,,,
,,537,3,《པེ་》《སྣར་》,mདུ།,,,,,,
,76,538,1,《པེ་》《སྣར་》,སྒྲུབ།,,,,,,
,,539,2,《སྣར་》,སོ།,,,,,,
,,540,3,《པེ་》《སྣར་》,བསྒོམ།,,,,,,
,,541,4,《སྣར་》,ཀྱི།,,,,,,
,,542,5,《པེ་》《སྣར་》,རྟོགས།,,,,,,
,77,543,1,《པེ་》《སྣར་》,བརྩོན།,,,,,,
,,544,2,《པེ་》《སྣར་》《ཅོ་》,དེ།,,,,,,
,,545,3,《སྣར་》,བས།,,,,,,
,,546,4,《པེ་》《སྣར་》,ཀྱིས།,,,,,,
,,547,5,《པེ་》《སྣར་》,ཀྱིས།,,,,,,
,,548,6,《པེ་》《སྣར་》,ཀྱིས།,,,,,,
,78,549,1,《པེ་》《སྣར་》,pགི།,,,,,,
,,550,2,《པེ་》《སྣར་》,དཔས།,,,,,,
,,551,3,《པེ་》《སྣར་》,བ།,,,,,,
,,552,4,《པེ་》《སྣར་》,རྟེན།,,,,,,
,,553,5,《པེ་》《སྣར་》,mལ།,,,,,,
,,554,6,《པེ་》《སྣར་》,རྣམ་པ།,,,,,,
,,555,7,《པེ་》《སྣར་》,mརྣམས།,,,,,,
,,556,8,《པེ་》《སྣར་》,བརྩེ།,,,,,,
,79,557,1,《པེ་》《སྣར་》,mའདི།,,,,,,
,,558,2,《པེ་》《སྣར་》,བ།,,,,,,
,,559,3,《པེ་》《སྣར་》,ལྟ།,,,,,,
,,560,4,《པེ་》《སྣར་》,ལུས།,,,,,,
,,561,5,《པེ་》《སྣར་》,ཀྱི།,,,,,,
,,562,6,《པེ་》《སྣར་》,ཁྱིའུས་ཁྱིའུ།,,,,,,
,80,563,1,《པེ་》《སྣར་》,རྗེས།,,,,,,
,,564,2,《པེ་》《སྣར་》,འཇོམས།,,,,,,
,,565,3,《སྣར་》,བསྒྲུབ།,,,,,,
,,566,4,《པེ་》《སྣར་》,ཟློག,,,,,,
,,567,5,《པེ་》《སྣར་》,mཀྱི།,,,,,,
,,568,6,《པེ་》《སྣར་》,བའི།,,,,,,
,,569,7,《པེ་》《སྣར་》,ཀྱི།,,,,,,
,81,570,1,《པེ་》《སྣར་》,ཀྱི།,,,,,,
,,571,2,《པེ་》《སྣར་》,ཆུང་།,,,,,,
,,572,3,《པེ་》《སྣར་》,mཔ།,,,,,,
,,573,4,《པེ་》,mན།,,,,,,
,82,574,1,《པེ་》《སྣར་》,ཟློ་བའོ།,,,,,,
,,575,2,《པེ་》《སྣར་》,mསྨྲ།,,,,,,
,,576,3,《པེ་》《སྣར་》,བལྟ།,,,,,,
,,577,4,《པེ་》《སྣར་》,mརྣམས།,,,,,,
,,578,5,《པེ་》《སྣར་》,mརྣམས།,,,,,,
,,579,6,《པེ་》《སྣར་》,mགི།,,,,,,
,83,580,1,《པེ་》《སྣར་》,mརྣམས་ཏེ།,,,,,,
,,581,2,《པེ་》《སྣར་》,ཀྱིས།,,,,,,
,,582,3,《པེ་》《སྣར་》,ཀྱིས།,,,,,,
,,583,4,《པེ་》《སྣར་》,ལ།,,,,,,
,84,584,1,《པེ་》《སྣར་》,ལ།,,,,,,
,,585,2,《པེ་》《སྣར་》,རྟོགས།,,,,,,
,,586,3,《སྣར་》,དཔྱད།,,,,,,
,,587,4,《སྣར་》,mབ།,,,,,,
,,588,5,《པེ་》《སྣར་》,ཀྱི།,,,,,,
,,589,6,《སྣར་》,pཔར།,,,,,,
,,590,7,《པེ་》《སྣར་》,ཀྱི།,,,,,,
,,591,8,《པེ་》,ཀྱི་ཤེས།;《སྣར་》,ཀྱིཤེས་པ།,,,,,
,,592,9,《པེ་》《སྣར་》,བརྗོད།,,,,,,
,,593,10,《པེ་》《སྣར་》,ཀྱི།,,,,,,
,,594,11,《པེ་》《སྣར་》,ཀྱི།,,,,,,
,85,595,1,《པེ་》《སྣར་》,ཏེ།,,,,,,
,,596,2,《པེ་》《སྣར་》,བརྗོད།,,,,,,
,,597,3,《སྣར་》,pཔའི།,,,,,,
,,598,4,《པེ་》《སྣར་》,ཀྱི།,,,,,,
,,599,5,《པེ་》《སྣར་》,ཀྱི།,,,,,,
,,600,6,《པེ་》《སྣར་》,ཀྱི།,,,,,,
,,601,7,《པེ་》《སྣར་》,ཀྱི།,,,,,,
,,602,8,《པེ་》《སྣར་》,ཏེ།,,,,,,
,,603,9,《པེ་》《སྣར་》,ཏེ།,,,,,,
,,604,10,《པེ་》,ཞེས།,,,,,,
,,605,11,《པེ་》《སྣར་》,ཏེ།,,,,,,
,,606,12,《པེ་》《སྣར་》,ཀྱི།,,,,,,
,86,607,1,《པེ་》《སྣར་》,མྱོང་།,,,,,,
,,608,2,《པེ་》《སྣར་》,མྱོང་།,,,,,,
,,609,3,《པེ་》《སྣར་》,ཀྱི།,,,,,,
,,610,4,《པེ་》《སྣར་》,ཤེས།,,,,,,
,,611,5,《སྣར་》,པ།,,,,,,
,,612,6,《སྣར་》,བརྟགས།,,,,,,
,,613,7,《སྣར་》,པ།,,,,,,
,,614,8,《པེ་》《སྣར་》,རྟོགས།,,,,,,
,87,615,1,《པེ་》《སྣར་》,རྟོག,,,,,,
,,616,2,《པེ་》《སྣར་》,པར།,,,,,,
,,617,3,《པེ་》《སྣར་》,བསྒོམ།,,,,,,
,,618,4,《པེ་》《སྣར་》,mམ།,,,,,,
,88,619,1,《སྣར་》,བྱེད།,,,,,,
,89,620,1,《པེ་》《སྣར་》,སྐྱོ།,,,,,,
,,621,2,《པེ་》《སྣར་》,པས།,,,,,,
,,622,3,《པེ་》,གྲུབ།;《སྣར་》,སྒྲུབ།,,,,,
,,623,4,《སྣར་》,pདུ།,,,,,,
,,624,5,《པེ་》《སྣར་》,ལས།,,,,,,
,,625,6,《སྣར་》,ལག,,,,,,
,,626,7,《པེ་》《སྣར་》,mནི།,,,,,,
,,627,8,《པེ་》《སྣར་》,པ།,,,,,,
,,628,9,《པེ་》《སྣར་》,mལས།,,,,,,
,,629,10,《པེ་》《སྣར་》,གི།,,,,,,
,90,630,1,《པེ་》《སྣར་》,བསྒོམ།,,,,,,
,,631,2,《པེ་》《སྣར་》,ཀྱི།,,,,,,
,,632,3,《པེ་》《སྣར་》,ཀྱིས།,,,,,,
,,633,4,《པེ་》《སྣར་》,བར།,,,,,,
,,634,5,《པེ་》《སྣར་》,བསྒྱུར་བ།,,,,,,
,,635,6,《པེ་》《སྣར་》,མཐོང་།,,,,,,
,91,636,1,《པེ་》,བསལ།;《སྣར་》,གསལ།,,,,,
,,637,2,《པེ་》《སྣར་》,mབར་བྱ།,,,,,,
,,638,3,《པེ་》《སྣར་》,སྐུ།,,,,,,
,,639,4,《པེ་》《སྣར་》,pཆོས།,,,,,,
,,640,5,《པེ་》《སྣར་》,ཀྱི།,,,,,,
,,641,6,《པེ་》,གཟུང་།,,,,,,
,,642,7,《པེ་》《སྣར་》,བལྟམ།,,,,,,
,,643,8,《པེ་》,སྐོར།,,,,,,
,92,644,1,《སྣར་》,pདང་།,,,,,,
,,645,2,《སྣར་》,pསུ།,,,,,,
,93,646,1,《པེ་》,བདགས།,,,,,,
,,647,2,《པེ་》《སྣར་》,གྱི།,,,,,,
,,648,3,《པེ་》《སྣར་》,ལ།,,,,,,
,,649,4,《པེ་》《སྣར་》,གྱི་ཏིང་ངེ་འཛིན།,,,,,,
,,650,5,《པེ་》《སྣར་》,ཀྱིས།,,,,,,
,,651,6,《པེ་》《སྣར་》,ཐོབ།,,,,,,
,94,652,1,《པེ་》,pསུ།,,,,,,
,,653,2,《པེ་》《སྣར་》,གྲུབ།,,,,,,
,,654,3,《པེ་》,ཐོབ།,,,,,,
,,655,4,《པེ་》《སྣར་》,pདེ།,,,,,,
,,656,5,《པེ་》《སྣར་》,ནི།,,,,,,
,95,657,1,《པེ་》《སྣར་》,པ།,,,,,,
,,658,2,《པེ་》《སྣར་》,པ།,,,,,,
,,659,3,《པེ་》《སྣར་》,པ།,,,,,,
,,660,4,《སྣར་》,mཆོས་ཀྱི།,,,,,,
,,661,5,《པེ་》《སྣར་》,པ།,,,,,,
,96,662,1,《སྣར་》,པར།,,,,,,
,,663,2,《སྣར་》,པའི།,,,,,,
,,664,3,《སྣར་》,pབ།,,,,,,
,,665,4,《པེ་》《སྣར་》,ཉོན་སྨོངས།,,,,,,
,97,666,1,《པེ་》《སྣར་》,གྱུར་པར།,,,,,,
,,667,2,《པེ་》《སྣར་》,mམི།,,,,,,
,,668,3,《པེ་》《སྣར་》,གདོགས།,,,,,,
,98,669,1,《པེ་》《སྣར་》,དོག,,,,,,
,,670,2,《པེ་》《སྣར་》,pཀྱི།,,,,,,
,,671,3,《པེ་》《སྣར་》,mདང་།,,,,,,
,,672,4,《པེ་》《སྣར་》,mབཅོམ་ལྡན་འདས།,,,,,,
,,673,5,《པེ་》《སྣར་》,འགྲུབ།,,,,,,
,,674,6,《པེ་》《སྣར་》,བྱུང་།,,,,,,
,,675,7,《པེ་》《སྣར་》,པ།,,,,,,
,,676,8,《པེ་》《སྣར་》,ཀྱིས།,,,,,,
,,677,9,《པེ་》《སྣར་》,ཀྱི།,,,,,,
,99,678,1,《པེ་》《སྣར་》,ཞུགས།,,,,,,
,,679,2,《པེ་》《སྣར་》,གིས།,,,,,,
,,680,3,《པེ་》《སྣར་》,ཀྱི།,,,,,,
,,681,4,《པེ་》,mཟབ་པ།,,,,,,
,100,682,1,《པེ་》《སྣར་》,pཔ།,,,,,,
,,683,2,《པེ་》《སྣར་》,མེད།,,,,,,
,,684,3,《པེ་》《སྣར་》,ཀྱི།,,,,,,
,,685,4,《པེ་》《སྣར་》,མ།,,,,,,
,101,686,1,《སྣར་》,pཏུ།,,,,,,
,,687,2,《པེ་》《སྣར་》,བརྩལ།,,,,,,
,,688,3,《པེ་》《སྣར་》,ཀྱི།,,,,,,
,,689,4,《པེ་》《སྣར་》,བ།,,,,,,
,102,690,1,《པེ་》《སྣར་》,བཀོད།,,,,,,
,,691,2,《པེ་》《སྣར་》,གྱིས།,,,,,,
,,692,3,《པེ་》,རྟོགས།,,,,,,
,,693,4,《པེ་》《སྣར་》,རྒྱན།,,,,,,
,,694,5,《པེ་》《སྣར་》,རྟེན།,,,,,,
,,695,6,《པེ་》《སྣར་》,mརྒྱུ་ཕུན་སུམ་ཚོགས་པ་དང།,,,,,,
,,696,7,《པེ་》《སྣར་》,ཞམ།,,,,,,
,,697,8,《པེ་》《སྣར་》,བདེ་བ།,,,,,,
,,698,9,《པེ་》《སྣར་》,བྱའོ།,,,,,,
,103,699,1,《པེ་》《སྣར་》,སྨྱོས།,,,,,,
,,700,2,《པེ་》《སྣར་》,བསླང་སྟེ།,,,,,,
,,701,3,《པེ་》《སྣར་》,mཕྱིར།,,,,,,
,,702,4,《སྣར་》,བཟུང་།,,,,,,
,,703,5,《པེ་》《སྣར་》,ཀྱི།,,,,,,
,104,704,1,《པེ་》《སྣར་》,མིན་པར།,,,,,,
,,705,2,《པེ་》《སྣར་》,སྐུ་ན།,,,,,,
,,706,3,《སྣར་》,འདྲས།,,,,,,
,,707,4,《པེ་》《སྣར་》,mངོ་བོ་ཉིད།,,,,,,
,,708,5,《པེ་》《སྣར་》,mནི།,,,,,,
,,709,6,《པེ་》《སྣར་》,པོར།,,,,,,
,105,710,1,《པེ་》《སྣར་》,mམི།,,,,,,
,,711,2,《པེ་》《སྣར་》,པའི།,,,,,,
,,712,3,《པེ་》《སྣར་》,ཛམྦུའི།,,,,,,
,,713,4,《སྣར་》,པ།,,,,,,
,,714,5,《པེ་》《སྣར་》,ཛམྦུའི།,,,,,,
,,715,6,《སྣར་》,པར།,,,,,,
,,716,7,《པེ་》《སྣར་》,གཉིས་ཀྱི།,,,,,,
,106,717,1,《པེ་》《སྣར་》,སྐུ་གཉིས།,,,,,,
,,718,2,《པེ་》《སྣར་》,རྟེན།,,,,,,
,,719,3,《པེ་》《སྣར་》,མ་ཆད།,,,,,,
,,720,4,《པེ་》《སྣར་》,བ།,,,,,,
,,721,5,《པེ་》《སྣར་》,ན།,,,,,,
,,722,6,《པེ་》《སྣར་》,སྐུ།,,,,,,
,,723,7,《པེ་》《སྣར་》,བྱས་པའི།,,,,,,
,,724,8,《པེ་》《སྣར་》,པས།,,,,,,
,,725,9,《པེ་》《སྣར་》,གསོད།,,,,,,
,,726,10,《པེ་》《སྣར་》,བསྐྱེད།,,,,,,
,,727,11,《པེ་》《སྣར་》,pམི།,,,,,,
,,728,12,《པེ་》《སྣར་》,རིག,,,,,,
,107,729,1,《པེ་》《སྣར་》,mཆེན་པོ།,,,,,,
,,730,2,《སྣར་》,ལེནྡ།,,,,,,
,,731,3,《པེ་》《སྣར་》,དེའི་འགྱུར།,,,,,,